x,u0_true,u0_pred,abs_error
0,0,-0.00169724784791,0.00169724784791
0.0250000003725,0.00222268840298,0.000989193096757,0.00123349530622
0.0500000007451,0.00445019174367,0.00368427671492,0.000765915028751
0.0750000029802,0.00668735057116,0.00638544000685,0.000301910564303
0.10000000149,0.00893906038254,0.00909023918211,0.00015117879957
0.125,0.0112103065476,0.0117954555899,0.000585149042308
0.15000000596,0.0135061703622,0.0144980493933,0.000991879031062
0.17499999702,0.0158318765461,0.0171940270811,0.00136215053499
0.20000000298,0.0181928090751,0.0198795143515,0.00168670527637
0.225000008941,0.0205945242196,0.0225495044142,0.00195498019457
0.25,0.0230427701026,0.0251986328512,0.00215586274862
0.27500000596,0.0255435165018,0.0278208199888,0.00227730348706
0.300000011921,0.0281029231846,0.0304095093161,0.00230658613145
0.325000017881,0.0307273473591,0.0329565927386,0.00222924537957
0.34999999404,0.0334233120084,0.0354533419013,0.00203002989292
0.375,0.0361974239349,0.037890009582,0.00169258564711
0.40000000596,0.0390563011169,0.0402553603053,0.00119905918837
0.425000011921,0.0420063734055,0.0425367280841,0.000530354678631
0.450000017881,0.0450536683202,0.0447199866176,0.000333681702614
0.47499999404,0.0482034087181,0.0467891320586,0.00141427665949
0.5,0.0514595098794,0.0487263128161,0.00273319706321
0.525000035763,0.0548237636685,0.0505116209388,0.00431214272976
0.550000011921,0.0582946948707,0.0521221384406,0.0061725564301
0.574999988079,0.0618659928441,0.0535333380103,0.00833265483379
0.600000023842,0.0655241459608,0.0547173544765,0.0108067914844
0.625,0.0692451298237,0.0556439086795,0.0136012211442
0.650000035763,0.0729898139834,0.056279681623,0.0167101323605
0.675000011921,0.0766974389553,0.0565881952643,0.020109243691
0.699999988079,0.0802766382694,0.0565309748054,0.0237456634641
0.725000023842,0.0835935473442,0.0560666248202,0.027526922524
0.75,0.0864560380578,0.055152349174,0.0313036888838
0.775000035763,0.0885950997472,0.0537446662784,0.0348504334688
0.800000011921,0.0896444395185,0.0518003031611,0.0378441363573
0.824999988079,0.0891245380044,0.0492784306407,0.0398461073637
0.850000023842,0.0864423215389,0.0461431667209,0.0402991548181
0.875,0.0809268727899,0.0423655733466,0.0385612994432
0.900000035763,0.0719275996089,0.0379274711013,0.0340001285076
0.925000011921,0.0589953847229,0.0328257009387,0.0261696837842
0.949999988079,0.0421292036772,0.0270743016154,0.0150549020618
0.975000023842,0.0219999756664,0.020710432902,0.00128954276443
1,-2.48553533311e-08,0.013794446364,0.0137944715098
1.02499997616,-0.0220000240952,0.00641339458525,0.0284134186804
1.05000007153,-0.0421292968094,-0.00132042728364,0.0408088713884
1.07500004768,-0.0589954666793,-0.00927201472223,0.0497234538198
1.10000002384,-0.0719276741147,-0.0172889288515,0.0546387434006
1.125,-0.0809268727899,-0.0252091046423,0.0557177662849
1.14999997616,-0.0864423513412,-0.0328685715795,0.0535737797618
1.17500007153,-0.0891245529056,-0.0401123836637,0.0490121692419
1.20000004768,-0.089644446969,-0.0468024984002,0.0428419485688
1.22500002384,-0.0885950997472,-0.0528249517083,0.0357701480389
1.25,-0.0864560306072,-0.0580950751901,0.0283609554172
1.27499997616,-0.0835935249925,-0.0625588074327,0.0210347175598
1.30000007153,-0.0802766233683,-0.066191919148,0.0140847042203
1.32500004768,-0.0766974166036,-0.0689973607659,0.00770005583763
1.35000002384,-0.0729897990823,-0.071000315249,0.00198948383331
1.375,-0.0692451149225,-0.0722433999181,0.00299828499556
1.39999997616,-0.0655241459608,-0.0727806165814,0.00725647062063
1.42500007153,-0.0618659779429,-0.0726735368371,0.0108075588942
1.45000004768,-0.058294672519,-0.0719859078526,0.0136912353337
1.47500002384,-0.0548237524927,-0.0707818344235,0.0159580819309
1.5,-0.0514595061541,-0.0691221430898,0.0176626369357
1.52499997616,-0.0482034012675,-0.0670638456941,0.0188604444265
1.55000007153,-0.0450536422431,-0.0646589174867,0.0196052752435
1.57500004768,-0.0420063659549,-0.0619538202882,0.0199474543333
1.60000002384,-0.0390562936664,-0.0589895024896,0.0199332088232
1.625,-0.0361974127591,-0.0558021739125,0.0196047611535
1.64999997616,-0.0334233008325,-0.0524230077863,0.0189997069538
1.67500007153,-0.0307273380458,-0.0488791838288,0.018151845783
1.70000004768,-0.0281029101461,-0.0451943054795,0.0170913953334
1.72500002384,-0.0255435053259,-0.041388489306,0.0158449839801
1.75,-0.0230427607894,-0.0374795868993,0.0144368261099
1.77499997616,-0.0205945242196,-0.0334830954671,0.0128885712475
1.80000007153,-0.0181927978992,-0.0294125881046,0.0112197902054
1.82500004768,-0.0158318635076,-0.0252806451172,0.00944878160954
1.85000002384,-0.0135061563924,-0.0210983958095,0.00759223941714
1.875,-0.0112103046849,-0.0168765690178,0.00566626433283
1.89999997616,-0.00893905945122,-0.0126255359501,0.00368647649884
1.92500007153,-0.00668733380735,-0.00835508666933,0.00166775286198
1.95000004768,-0.00445018801838,-0.00407562218606,0.000374565832317
1.97500002384,-0.00222268444486,0.000202322378755,0.00242500682361
2,4.94637086845e-09,0.00446772016585,0.00446771504357
2.02500009537,0.00222270772792,0.00870851613581,0.00648580864072
2.04999995232,0.00445019779727,0.0129121188074,0.00846192054451
2.07499980927,0.0066873440519,0.0170643571764,0.0103770131245
2.09999990463,0.00893905572593,0.0211501959711,0.0122111402452
2.125,0.0112103149295,0.0251530949026,0.0139427799731
2.15000009537,0.0135061796755,0.0290549565107,0.0155487768352
2.17499995232,0.0158318746835,0.0328364893794,0.0170046146959
2.19999980927,0.0181927904487,0.0364767685533,0.0182839781046
2.22499990463,0.0205945204943,0.0399533882737,0.0193588677794
2.25,0.0230427701026,0.0432431474328,0.0202003773302
2.27500009537,0.0255435314029,0.0463210865855,0.0207775551826
2.29999995232,0.0281029231846,0.0491618514061,0.0210589282215
2.32499980927,0.0307273324579,0.0517397671938,0.0210124347359
2.34999990463,0.0334232971072,0.0540287941694,0.0206054970622
2.375,0.0361974313855,0.0560034736991,0.0198060423136
2.40000009537,0.0390563197434,0.057639323175,0.0185830034316
2.42499995232,0.0420063771307,0.0589132159948,0.0169068388641
2.44999980927,0.045053653419,0.0598042905331,0.014750637114
2.47499990463,0.0482033975422,0.0602947100997,0.0120913125575
2.5,0.0514595210552,0.0603694394231,0.00890991836786
2.52500009537,0.0548237711191,0.0600178986788,0.00519412755966
2.54999995232,0.0582947097719,0.0592334270477,0.000938717275858
2.57499980927,0.0618659704924,0.0580146759748,0.00385129451752
2.59999990463,0.0655241161585,0.0563651546836,0.0091589614749
2.625,0.0692451521754,0.0542939305305,0.0149512216449
2.65000009537,0.0729898437858,0.0518152043223,0.0211746394634
2.67499995232,0.0766974166036,0.0489487498999,0.0277486667037
2.69999980927,0.0802766159177,0.0457193478942,0.0345572680235
2.72499990463,0.0835935249925,0.0421563908458,0.0414371341467
2.75,0.0864560455084,0.0382937416434,0.048162303865
2.77500009537,0.0885951071978,0.0341685637832,0.0544265434146
2.79999995232,0.0896444395185,0.029821658507,0.0598227828741
2.82499980927,0.089124545455,0.0252953264862,0.0638292208314
2.84999990463,0.0864423513412,0.0206337366253,0.0658086165786
2.875,0.0809268951416,0.015881696716,0.0650452002883
2.90000009537,0.0719275102019,0.0110837463289,0.0608437657356
2.92499995232,0.0589954406023,0.0062839332968,0.0527115091681
2.94999980927,0.0421292185783,0.00152480043471,0.0406044200063
2.97499990463,0.0219999942929,-0.00315377674997,0.0251537710428
3,-6.78077594074e-09,-0.00771374069154,0.00771373370662
3.02500009537,-0.022000266239,-0.0121204312891,0.00987983494997
3.04999995232,-0.0421292185783,-0.0163428541273,0.0257863644511
3.07500004768,-0.0589954517782,-0.0203529652208,0.03864248842
3.09999990463,-0.071927651763,-0.0241267438978,0.0478009060025
3.125,-0.0809268802404,-0.027644103393,0.0532827749848
3.15000009537,-0.0864423438907,-0.0308885332197,0.0555538088083
3.17499995232,-0.0891245529056,-0.0338468924165,0.0552776604891
3.20000004768,-0.089644446969,-0.0365098789334,0.0531345680356
3.22499990463,-0.0885950922966,-0.038871563971,0.0497235283256
3.25,-0.0864560231566,-0.0409284606576,0.045527562499
3.27500009537,-0.0835935100913,-0.0426802411675,0.0409132689238
3.29999995232,-0.0802766233683,-0.0441292598844,0.0361473634839
3.32500004768,-0.0766974166036,-0.0452798083425,0.0314176082611
3.34999990463,-0.0729898363352,-0.0461378470063,0.0268519893289
3.375,-0.0692451074719,-0.0467114523053,0.0225336551666
3.40000009537,-0.0655241161585,-0.0470098629594,0.0185142531991
3.42499995232,-0.0618659667671,-0.0470433607697,0.0148226059973
3.45000004768,-0.0582946613431,-0.0468228831887,0.0114717781544
3.47499990463,-0.0548237673938,-0.0463610067964,0.00846276059747
3.5,-0.0514594763517,-0.0456693843007,0.00579009205103
3.52500009537,-0.0482033751905,-0.044760979712,0.00344239547849
3.54999995232,-0.0450536720455,-0.0436484888196,0.00140518322587
3.57500004768,-0.0420063436031,-0.0423448160291,0.000338472425938
3.59999990463,-0.0390563048422,-0.0408626273274,0.00180632248521
3.625,-0.0361974239349,-0.0392142608762,0.00301683694124
3.65000009537,-0.0334232784808,-0.0374120548368,0.00398877635598
3.67499995232,-0.0307273473591,-0.035468108952,0.00474076159298
3.70000004768,-0.028102889657,-0.0333933904767,0.00529050081968
3.72499990463,-0.0255435146391,-0.0311994310468,0.0056559164077
3.75,-0.02304276824,-0.0288966353983,0.00585386715829
3.77500009537,-0.0205944888294,-0.0264951046556,0.00590061582625
3.79999995232,-0.0181928053498,-0.0240045245737,0.00581171922386
3.82500004768,-0.0158318746835,-0.0214338954538,0.00560202077031
3.84999990463,-0.0135061647743,-0.0187918599695,0.0052856951952
3.875,-0.011210299097,-0.016086762771,0.00487646367401
3.90000009537,-0.00893905572593,-0.0133259948343,0.00438693910837
3.92499995232,-0.00668734265491,-0.0105167087168,0.00382936606184
3.95000004768,-0.00445018289611,-0.00766605697572,0.00321587407961
3.97499990463,-0.00222267955542,-0.00477964244783,0.00255696289241
4,9.89274173691e-09,-0.00186379812658,0.00186380802188
