x,u0_true,u0_opt,abs_error
0,0,-3.13329952878e-09,3.13329952878e-09
0.015625,0.00138887495268,-0.000390762937455,0.00177963789014
0.03125,0.00277892430313,-0.000744414717501,0.00352333902063
0.046875,0.00417132489383,-0.00102439176473,0.00519571665857
0.0625,0.00556725868955,-0.00119520897336,0.00676246766292
0.078125,0.00696791661903,-0.00122300134109,0.00819091796012
0.09375,0.00837449822575,-0.00107605837041,0.00945055659616
0.109375,0.00978821888566,-0.000725350834936,0.0105135697206
0.125,0.0112103065476,-0.000145044647211,0.0113553511948
0.140625,0.0126420063898,0.000687005418426,0.0119550009714
0.15625,0.0140845924616,0.00178879150086,0.0122958009607
0.171875,0.0155393490568,0.00317372934051,0.0123656197163
0.1875,0.0170075967908,0.00485028911512,0.0121573076757
0.203125,0.0184906758368,0.00682169500767,0.0116689808291
0.21875,0.0199899598956,0.00908570873915,0.0109042511565
0.234375,0.0215068459511,0.0116345120213,0.00987233392974
0.25,0.0230427701026,0.0144547014981,0.00858806860456
0.265625,0.024599198252,0.0175274071345,0.00707179111744
0.28125,0.0261776205152,0.0208285411685,0.00534907934676
0.296875,0.027779571712,0.0243291797652,0.00345039194677
0.3125,0.0294066052884,0.0279960736664,0.00141053162195
0.328125,0.0310602970421,0.0317922777624,0.000731980720272
0.34375,0.0327422507107,0.0356778831338,0.00293563242305
0.359375,0.0344540849328,0.0396108292321,0.00515674429925
0.375,0.0361974239349,0.0435477690443,0.0073503451094
0.390625,0.0379738733172,0.0474449567821,0.00947108346489
0.40625,0.0397850237787,0.0512591261913,0.0114741024127
0.421875,0.0416324138641,0.0549483281638,0.0133159142997
0.4375,0.0435175187886,0.0584726989036,0.014955180115
0.453125,0.0454416833818,0.0617951342288,0.016353450847
0.46875,0.0474061220884,0.0648818512693,0.0174757291809
0.484375,0.049411829561,0.0677028253423,0.0182909957813
0.5,0.0514595098794,0.0702320965867,0.0187725867074
0.515625,0.0535494945943,0.0724479474749,0.0188984528805
0.53125,0.0556816384196,0.074332958136,0.0186513197164
0.546875,0.0578551515937,0.0758739511749,0.0180187995813
0.5625,0.0600684434175,0.0770618411491,0.0169933977316
0.578125,0.0623188875616,0.0778914060146,0.015572518453
0.59375,0.064602561295,0.0783609987276,0.0137584374326
0.609375,0.0669138655066,0.0784722169454,0.0115583514387
0.625,0.0692451298237,0.0782295476224,0.00898441779869
0.640625,0.0715860724449,0.0776400014986,0.0060539290537
0.65625,0.073923163116,0.0767127502534,0.00278958713738
0.671875,0.0762387812138,0.0754587766885,0.000780004525214
0.6875,0.078510299325,0.0738905458841,0.00461975344087
0.703125,0.0807089209557,0.0720217029805,0.00868721797511
0.71875,0.0827982500196,0.0698668011893,0.0129314488303
0.734375,0.084732785821,0.0674410618675,0.0172917239534
0.75,0.0864560380578,0.0647601670459,0.021695871012
0.765625,0.0878986418247,0.0618400836612,0.0260585581635
0.78125,0.0889763087034,0.0586969179088,0.0302793907947
0.796875,0.0895881205797,0.0553467975442,0.0342413230355
0.8125,0.0896152406931,0.051805779612,0.0378094610811
0.828125,0.0889207869768,0.048089780899,0.0408310060778
0.84375,0.0873516201973,0.0442145283796,0.0431370918177
0.859375,0.0847429260612,0.0401955269931,0.0445473990681
0.875,0.0809268727899,0.0360480422406,0.0448788305492
0.890625,0.0757461488247,0.031787095288,0.0439590535367
0.90625,0.0690730363131,0.0274274684812,0.0416455678319
0.921875,0.060832798481,0.0229837194158,0.0378490790652
0.9375,0.0510297194123,0.0184702019287,0.0325595174837
0.953125,0.0397694632411,0.0139010925922,0.0258683706489
0.96875,0.0272731892765,0.00929042148705,0.0179827677894
0.984375,0.0138748548925,0.00465210619163,0.00922274870086
1,-2.48553533311e-08,-1.19365418987e-08,1.29188114324e-08
1.015625,-0.0138749051839,-0.00465213000915,0.00922277517477
1.03125,-0.0272732377052,-0.00929044513785,0.0179827925674
1.046875,-0.0397695116699,-0.0139011159651,0.0258683957048
1.0625,-0.0510297529399,-0.0184702249124,0.0325595280276
1.078125,-0.0608328394592,-0.022983741899,0.0378490975602
1.09375,-0.0690730512142,-0.0274274903525,0.0416455608617
1.109375,-0.0757461637259,-0.0317871164362,0.0439590472896
1.125,-0.0809268727899,-0.0360480625547,0.0448788102352
1.140625,-0.0847429409623,-0.0401955463623,0.0445473946
1.15625,-0.0873516052961,-0.0442145466943,0.0431370586019
1.171875,-0.0889207869768,-0.0480897980504,0.0408309889264
1.1875,-0.0896152481437,-0.0518057954931,0.0378094526506
1.203125,-0.0895881354809,-0.0553468120503,0.0342413234305
1.21875,-0.088976316154,-0.0586969309383,0.0302793852157
1.234375,-0.0878986343741,-0.0618400951167,0.0260585392574
1.25,-0.0864560306072,-0.0647601768349,0.0216958537724
1.265625,-0.0847327783704,-0.0674410699042,0.0172917084662
1.28125,-0.0827982500196,-0.0698668073955,0.0129314426241
1.296875,-0.0807088986039,-0.0720217072879,0.00868719131602
1.3125,-0.0785102769732,-0.0738905482355,0.00461972873774
1.328125,-0.0762387737632,-0.0754587770402,0.000779996722951
1.34375,-0.0739231482148,-0.076712748577,0.00278960036219
1.359375,-0.0715860649943,-0.0776399977835,0.00605393278918
1.375,-0.0692451149225,-0.0782295418776,0.00898442695507
1.390625,-0.0669138655066,-0.0784722092019,0.0115583436953
1.40625,-0.0646025463939,-0.0783609890405,0.0137584426467
1.421875,-0.0623188726604,-0.0778913944645,0.0155725218041
1.4375,-0.0600684396923,-0.0770618278441,0.0169933881518
1.453125,-0.0578551441431,-0.075873936251,0.0180187921079
1.46875,-0.0556816235185,-0.0743329417577,0.0186513182392
1.484375,-0.0535494759679,-0.072447929835,0.0188984538671
1.5,-0.0514595061541,-0.070232077905,0.018772571751
1.515625,-0.0494118183851,-0.0677028058635,0.0182909874784
1.53125,-0.0474061146379,-0.0648818312601,0.0174757166223
1.546875,-0.0454416833818,-0.0617951139739,0.0163534305921
1.5625,-0.0435175076127,-0.0584726787007,0.014955171088
1.578125,-0.0416324026883,-0.0549483083179,0.0133159056296
1.59375,-0.0397850088775,-0.0512591070084,0.0114740981309
1.609375,-0.0379738733172,-0.0474449385622,0.00947106524495
1.625,-0.0361974127591,-0.0435477520743,0.00735033931527
1.640625,-0.0344540774822,-0.0396108137787,0.00515673629648
1.65625,-0.0327422507107,-0.0356778694367,0.00293561872598
1.671875,-0.0310602895916,-0.0317922660279,0.000731976436355
1.6875,-0.0294065922499,-0.027996064062,0.00141052818788
1.703125,-0.0277795735747,-0.024329172415,0.00345040115963
1.71875,-0.0261776205152,-0.02082853615,0.00534908436519
1.734375,-0.0245991908014,-0.0175274044768,0.00707178632463
1.75,-0.0230427607894,-0.0144547011803,0.00858805960905
1.765625,-0.0215068459511,-0.011634513974,0.00987233197704
1.78125,-0.0199899505824,-0.00908571284522,0.0109042377372
1.796875,-0.0184906665236,-0.0068217011053,0.0116689654183
1.8125,-0.0170076005161,-0.00485029700127,0.0121573035148
1.828125,-0.0155393481255,-0.00317373877515,0.0123656093503
1.84375,-0.014084585011,-0.00178880221174,0.0122957827993
1.859375,-0.0126419970766,-0.000687017106203,0.0119549799704
1.875,-0.0112103046849,0.000145032303597,0.0113553369885
1.890625,-0.00978821329772,0.000725338172836,0.0105135514706
1.90625,-0.00837448984385,0.00107604573804,0.00945053558189
1.921875,-0.00696791755036,0.00122298909223,0.00819090664258
1.9375,-0.00556725682691,0.00119519746215,0.00676245428906
1.953125,-0.00417131837457,0.0010243813407,0.00519569971527
1.96875,-0.00277891382575,0.000744405720787,0.00352331954654
1.984375,-0.00138887390494,0.000390755694223,0.00177962959917
2,4.94637086845e-09,-2.04865174511e-09,6.99502261356e-09
2.015625,0.00138888391666,-0.000390759656304,0.00177964357297
2.03125,0.00277892383747,-0.000744409279021,0.00352333311649
2.046875,0.00417132815346,-0.00102438423191,0.00519571238538
2.0625,0.00556726614013,-0.00119519943227,0.0067624655724
2.078125,0.00696792826056,-0.00122298989992,0.00819091816048
2.09375,0.00837450008839,-0.00107604515835,0.00945054524674
2.109375,0.00978822354227,-0.000725336000775,0.010513559543
2.125,0.0112103149295,-0.000145028357703,0.0113553432872
2.140625,0.0126420063898,0.000687022980465,0.0119549834093
2.15625,0.0140845961869,0.00178881013874,0.0122957860481
2.171875,0.01553935837,0.00317374884617,0.0123656095238
2.1875,0.0170076098293,0.00485030927186,0.0121573005574
2.203125,0.0184906776994,0.00682171559321,0.0116689621062
2.21875,0.0199899636209,0.00908572952889,0.010904234092
2.234375,0.021506857127,0.0116345327917,0.00987232433522
2.25,0.0230427701026,0.0144547220302,0.00858804807245
2.265625,0.0245992001146,0.0175274272175,0.00707177289708
2.28125,0.0261776298285,0.020828560603,0.00534906922542
2.296875,0.0277795866132,0.0243291983668,0.0034503882464
2.3125,0.0294066052884,0.0279960912679,0.00141051402049
2.328125,0.0310603026301,0.0317922942168,0.000731991586704
2.34375,0.0327422618866,0.035677898316,0.00293563642938
2.359375,0.0344540886581,0.0396108430403,0.00515675438217
2.375,0.0361974313855,0.0435477814007,0.00735035001517
2.390625,0.0379738807678,0.0474449676328,0.00947108686496
2.40625,0.0397850200534,0.0512591355059,0.0114741154525
2.421875,0.0416324138641,0.054948335934,0.0133159220699
2.4375,0.0435175225139,0.058472705142,0.0149551826282
2.453125,0.0454416945577,0.0617951389664,0.0163534444087
2.46875,0.0474061220884,0.064881854553,0.0174757324646
2.484375,0.0494118370116,0.0677028272329,0.0182909902213
2.5,0.0514595210552,0.0702320971557,0.0187725761004
2.515625,0.053549490869,0.0724479468018,0.0188984559328
2.53125,0.0556816421449,0.0743329563064,0.0186513141614
2.546875,0.0578551366925,0.0758739482774,0.0180188115849
2.5625,0.0600684396923,0.0770618372735,0.0169933975812
2.578125,0.0623188912868,0.07789140125,0.0155725099631
2.59375,0.0646025687456,0.078360993161,0.0137584244154
2.609375,0.0669138729572,0.07847221066,0.0115583377027
2.625,0.0692451521754,0.078229540697,0.00898438852155
2.640625,0.0715861022472,0.0776399940068,0.00605389175952
2.65625,0.0739231482148,0.0767127422628,0.00278959404799
2.671875,0.0762387663126,0.0754587682611,0.000779998051525
2.6875,0.0785102918744,0.0738905370754,0.00461975479902
2.703125,0.0807089135051,0.0720216938402,0.0086872196649
2.71875,0.0827982574701,0.069866791761,0.0129314657091
2.734375,0.0847328007221,0.0674410521896,0.0172917485326
2.75,0.0864560455084,0.064760157151,0.0216958883573
2.765625,0.0878986343741,0.0618400735776,0.0260585607966
2.78125,0.0889763087034,0.0586969076598,0.0302794010436
2.796875,0.0895881131291,0.0553467871494,0.0342413259798
2.8125,0.0896152481437,0.0518057690871,0.0378094790566
2.828125,0.0889207869768,0.0480897702565,0.0408310167203
2.84375,0.087351590395,0.0442145176293,0.0431370727657
2.859375,0.0847428888083,0.0401955161421,0.0445473726662
2.875,0.0809268951416,0.036048031294,0.0448788638476
2.890625,0.0757461488247,0.0317870842489,0.0439590645757
2.90625,0.0690730065107,0.0274274573513,0.0416455491594
2.921875,0.0608327575028,0.0229837081957,0.0378490493071
2.9375,0.0510296113789,0.0184701906177,0.0325594207612
2.953125,0.0397693626583,0.0139010811892,0.0258682814691
2.96875,0.0272730197757,0.00929040999019,0.0179826097856
2.984375,0.0138749405742,0.00465209459891,0.00922284597526
3,-6.78077594074e-09,-2.36272053666e-08,1.68464294259e-08
3.015625,-0.013874954544,-0.00465214179968,0.00922281274432
3.03125,-0.027273286134,-0.00929045702981,0.0179828291042
3.046875,-0.0397696122527,-0.0139011279594,0.0258684842933
3.0625,-0.0510298423469,-0.0184702370092,0.0325596053377
3.078125,-0.0608329437673,-0.0229837540974,0.0378491896699
3.09375,-0.0690729990602,-0.0274275026501,0.0416454964101
3.109375,-0.0757461562753,-0.0317871288291,0.0439590274462
3.125,-0.0809268802404,-0.036048075037,0.0448788052035
3.140625,-0.0847429260612,-0.0401955589259,0.0445473671353
3.15625,-0.087351642549,-0.0442145593282,0.0431370832208
3.171875,-0.0889208093286,-0.0480898107409,0.0408309985876
3.1875,-0.0896152481437,-0.051805808223,0.0378094399207
3.203125,-0.0895881205797,-0.0553468247983,0.0342412957814
3.21875,-0.0889763236046,-0.0586969436789,0.0302793799256
3.234375,-0.0878986343741,-0.0618401078195,0.0260585265546
3.25,-0.0864560231566,-0.0647601894643,0.0216958336923
3.265625,-0.0847327634692,-0.0674410824188,0.0172916810504
3.28125,-0.0827982202172,-0.0698668197477,0.0129314004695
3.296875,-0.0807088762522,-0.0720217194235,0.00868715682864
3.3125,-0.078510299325,-0.0738905600934,0.00461973923155
3.328125,-0.0762387663126,-0.0754587885522,0.000779977760389
3.34375,-0.0739231407642,-0.0767127596676,0.00278961890333
3.359375,-0.0715860575438,-0.07764000837,0.00605395082627
3.375,-0.0692451074719,-0.0782295518705,0.00898444439859
3.390625,-0.0669138357043,-0.0784722185054,0.0115583828011
3.40625,-0.064602561295,-0.078360997553,0.013758436258
3.421875,-0.0623188912868,-0.07789140208,0.0155725107932
3.4375,-0.060068435967,-0.0770618344535,0.0169933984865
3.453125,-0.0578551366925,-0.0758739417437,0.0180188050512
3.46875,-0.0556816197932,-0.074332946024,0.0186513262308
3.484375,-0.0535494685173,-0.0724479327682,0.0188984642509
3.5,-0.0514594763517,-0.0702320794044,0.0187726030526
3.515625,-0.049411829561,-0.0677028058369,0.0182909762759
3.53125,-0.0474061220884,-0.0648818296272,0.0174757075388
3.546875,-0.0454416796565,-0.0617951106694,0.0163534310129
3.5625,-0.0435175038874,-0.0584726736772,0.0149551697898
3.578125,-0.041632398963,-0.0549483015489,0.0133159025859
3.59375,-0.0397850014269,-0.0512590984907,0.0114740970638
3.609375,-0.0379738472402,-0.047444928318,0.00947108107783
3.625,-0.0361974239349,-0.0435477401527,0.0073503162178
3.640625,-0.0344540849328,-0.0396108002563,0.00515671532352
3.65625,-0.0327422395349,-0.0356778544179,0.00293561488308
3.671875,-0.0310602840036,-0.0317922496441,0.00073196564046
3.6875,-0.0294065885246,-0.0279960464699,0.00141054205469
3.703125,-0.0277795530856,-0.0243291537947,0.00345039929089
3.71875,-0.0261776000261,-0.0208285167018,0.0053490833243
3.734375,-0.0245992001146,-0.0175273844181,0.00707181569655
3.75,-0.02304276824,-0.0144546807417,0.00858808749832
3.765625,-0.0215068422258,-0.0116344933949,0.00987234883084
3.78125,-0.0199899487197,-0.00908569237019,0.0109042563495
3.796875,-0.0184906627983,-0.00682168097946,0.0116689818188
3.8125,-0.017007580027,-0.0048502774664,0.0121573025606
3.828125,-0.0155393276364,-0.00317372006583,0.0123656075705
3.84375,-0.0140845933929,-0.00178878455186,0.012295808841
3.859375,-0.0126420054585,-0.000687000705877,0.0119550047526
3.875,-0.011210299097,0.0001450472508,0.0113553463478
3.890625,-0.00978820864111,0.000725351492157,0.0105135601333
3.90625,-0.00837448425591,0.00107605727543,0.00945054153134
3.921875,-0.00696789845824,0.00122299871581,0.00819089717405
3.9375,-0.00556723773479,0.0011952050634,0.00676244279819
3.953125,-0.00417132675648,0.00102438683521,0.00519571359169
3.96875,-0.00277892244048,0.000744409048804,0.00352333148929
3.984375,-0.0013888690155,0.000390756820878,0.00177962583638
