iter,J,grad_norm,step
1,0.000130588771389,0.0145629329321,1
2,5.74439346962e-05,0.00942669733597,1
3,2.66830813368e-05,0.006100978041,1
4,1.34490091187e-05,0.00399162634239,1
5,7.60534817125e-06,0.0026455541773,1
6,4.95274044914e-06,0.00177718706371,1
7,3.7072088916e-06,0.00121290572188,1
8,3.0930022948e-06,0.000846419682052,1
9,2.7663440299e-06,0.000611269060084,1
10,2.57263189788e-06,0.000464405224189,1
11,2.4415415646e-06,0.000376287178842,1
12,2.34079014678e-06,0.000325520744369,1
13,2.25543849657e-06,0.000296820693682,1
14,2.1785161389e-06,0.000280208732432,1
15,2.1067364599e-06,0.000269858751616,1
16,2.03852467493e-06,0.000262655569065,1
17,1.97310520898e-06,0.00025702186283,1
18,1.91007745543e-06,0.000252181766642,1
19,1.84921781796e-06,0.000247758710107,1
20,1.79038703398e-06,0.000243570744097,1
21,1.73348665337e-06,0.000239529857112,1
22,1.67843853636e-06,0.000235593210429,1
23,1.62517515966e-06,0.000231739671374,1
24,1.57363500926e-06,0.000227958544214,1
25,1.52376037234e-06,0.000224244158968,1
26,1.47549626301e-06,0.000220593271047,1
27,1.42878988487e-06,0.000217003810353,1
28,1.38359034858e-06,0.000213474278961,1
29,1.3398485108e-06,0.000210003460916,1
30,1.29751687145e-06,0.000206590282387,1
31,1.25654949922e-06,0.000203233744325,1
32,1.21690197114e-06,0.000199932890075,1
33,1.17853131958e-06,0.000196686789857,1
34,1.14139598336e-06,0.00019349453335,1
35,1.10545576149e-06,0.000190355226172,1
36,1.07067176891e-06,0.000187267988216,1
37,1.03700639371e-06,0.000184231952863,1
38,1.00442325585e-06,0.0001812462666,1
39,9.72887167077e-07,0.000178310088816,1
40,9.423640922e-07,0.000175422591687,1
41,9.12821111476e-07,0.000172582960072,1
42,8.84226384234e-07,0.000169790391432,1
43,8.56549113598e-07,0.000167044095735,1
44,8.29759512343e-07,0.000164343295356,1
45,8.03828769817e-07,0.000161687224977,1
46,7.78729019922e-07,0.000159075131475,1
47,7.54433310108e-07,0.000156506273799,1
48,7.30915571368e-07,0.000153979922854,1
49,7.08150589185e-07,0.00015149536137,1
50,6.8611397543e-07,0.000149051883769,1
51,6.64782141151e-07,0.000146648796035,1
52,6.44132270256e-07,0.00014428541557,1
53,6.24142294043e-07,0.000141961071059,1
54,6.04790866564e-07,0.000139675102325,1
55,5.86057340785e-07,0.000137426860186,1
56,5.67921745534e-07,0.00013521570631,1
57,5.50364763197e-07,0.000133041013067,1
58,5.33367708146e-07,0.000130902163382,1
59,5.16912505874e-07,0.000128798550589,1
60,5.00981672823e-07,0.000126729578281,1
61,4.85558296869e-07,0.000124694660164,1
62,4.70626018449e-07,0.000122693219904,1
63,4.5616901232e-07,0.000120724690983,1
64,4.42171969911e-07,0.000118788516552,1
65,4.28620082263e-07,0.00011688414928,1
66,4.15499023533e-07,0.000115011051211,1
67,4.02794935045e-07,0.000113168693613,1
68,3.9049440987e-07,0.000111356556841,1
69,3.78584477914e-07,0.000109574130187,1
70,3.67052591504e-07,0.000107820911738,1
71,3.55886611453e-07,0.000106096408236,1
72,3.45074793586e-07,0.000104400134937,1
73,3.34605775715e-07,0.00010273161547,1
74,3.24468565047e-07,0.000101090381703,1
75,3.14652526007e-07,9.94759736036e-05,1
76,3.05147368476e-07,9.78879391035e-05,1
77,2.95943136407e-07,9.6325833968e-05,1
78,2.87030196831e-07,9.47892216624e-05,1
79,2.7839922922e-07,9.3277673222e-05,1
80,2.70041215214e-07,9.17907671237e-05,1
81,2.61947428679e-07,9.03280891589e-05,1
82,2.54109426102e-07,8.88892323086e-05,1
83,2.46519037308e-07,8.74737966191e-05,1
84,2.39168356478e-07,8.60813890808e-05,1
85,2.32049733474e-07,8.47116235079e-05,1
86,2.25155765447e-07,8.33641204197e-05,1
87,2.18479288725e-07,8.20385069238e-05,1
88,2.12013370976e-07,8.07344166017e-05,1
89,2.05751303621e-07,7.9451489395e-05,1
90,1.99686594513e-07,7.81893714938e-05,1
91,1.93812960846e-07,7.69477152275e-05,1
92,1.88124322306e-07,7.57261789559e-05,1
93,1.82614794454e-07,7.45244269636e-05,1
94,1.77278682314e-07,7.33421293547e-05,1
95,1.72110474194e-07,7.21789619502e-05,1
96,1.67104835693e-07,7.10346061865e-05,1
97,1.62256603918e-07,6.99087490157e-05,1
98,1.57560781889e-07,6.88010828079e-05,1
99,1.53012533132e-07,6.77113052547e-05,1
100,1.48607176445e-07,6.66391192745e-05,1
101,1.44340180845e-07,6.55842329192e-05,1
102,1.40207160676e-07,6.4546359283e-05,1
103,1.36203870883e-07,6.35252164124e-05,1
104,1.32326202438e-07,6.25205272175e-05,1
105,1.28570177921e-07,6.15320193856e-05,1
106,1.24931947248e-07,6.05594252955e-05,1
107,1.21407783531e-07,5.9602481934e-05,1
108,1.17994079087e-07,5.86609308133e-05,1
109,1.1468734157e-07,5.77345178901e-05,1
110,1.11484190233e-07,5.68229934863e-05,1
111,1.08381352313e-07,5.5926112211e-05,1
112,1.05375659537e-07,5.50436328835e-05,1
113,1.02464044736e-07,5.41753184585e-05,1
114,9.96435385823e-08,5.33209359521e-05,1
115,9.69112664219e-08,5.24802563688e-05,1
116,9.42644452177e-08,5.16530546309e-05,1
117,9.17003805913e-08,5.0839109508e-05,1
118,8.92164639621e-08,5.00382035486e-05,1
119,8.68101697795e-08,4.92501230126e-05,1
120,8.44790528469e-08,4.84746578052e-05,1
121,8.22207457321e-08,4.77116014116e-05,1
122,8.00329562635e-08,4.69607508337e-05,1
123,7.79134651073e-08,4.6221906527e-05,1
124,7.58601234248e-08,4.54948723393e-05,1
125,7.38708506052e-08,4.47794554505e-05,1
126,7.19436320735e-08,4.40754663132e-05,1
127,7.0076517169e-08,4.33827185945e-05,1
128,6.82676170934e-08,4.27010291195e-05,1
129,6.65151029259e-08,4.20302178142e-05,1
130,6.48172037027e-08,4.13701076516e-05,1
131,6.31722045591e-08,4.07205245974e-05,1
132,6.15784449317e-08,4.00812975566e-05,1
133,6.00343168201e-08,3.94522583222e-05,1
134,5.85382631037e-08,3.88332415237e-05,1
135,5.7088775914e-08,3.82240845773e-05,1
136,5.56843950597e-08,3.76246276367e-05,1
137,5.43237065026e-08,3.70347135447e-05,1
138,5.30053408831e-08,3.64541877862e-05,1
139,5.17279720932e-08,3.58828984414e-05,1
140,5.04903158964e-08,3.53206961404e-05,1
141,4.92911285911e-08,3.47674340185e-05,1
142,4.81292057186e-08,3.42229676719e-05,1
143,4.70033808116e-08,3.36871551152e-05,1
144,4.5912524184e-08,3.31598567386e-05,1
145,4.48555417595e-08,3.26409352665e-05,1
146,4.38313739378e-08,3.21302557168e-05,1
147,4.28389944977e-08,3.16276853608e-05,1
148,4.18774095353e-08,3.1133093684e-05,1
149,4.09456564367e-08,3.06463523478e-05,1
150,4.00428028831e-08,3.0167335151e-05,1
151,3.91679458892e-08,2.96959179932e-05,1
152,3.8320210871e-08,2.92319788385e-05,1
153,3.74987507449e-08,2.87753976792e-05,1
154,3.67027450545e-08,2.83260565008e-05,1
155,3.59313991267e-08,2.7883839248e-05,1
156,3.51839432541e-08,2.74486317902e-05,1
157,3.44596319036e-08,2.70203218888e-05,1
158,3.3757742951e-08,2.65987991643e-05,1
159,3.30775769393e-08,2.61839550642e-05,1
160,3.24184563614e-08,2.5775682832e-05,1
161,3.17797249655e-08,2.5373877476e-05,1
162,3.1160747083e-08,2.49784357389e-05,1
163,3.05609069772e-08,2.45892560686e-05,1
164,2.99796082136e-08,2.42062385884e-05,1
165,2.94162730501e-08,2.38292850686e-05,1
166,2.88703418465e-08,2.34582988985e-05,1
167,2.83412724926e-08,2.30931850586e-05,1
168,2.78285398555e-08,2.27338500933e-05,1
169,2.73316352436e-08,2.23802020847e-05,1
170,2.68500658879e-08,2.20321506261e-05,1
171,2.63833544402e-08,2.16896067965e-05,1
172,2.59310384866e-08,2.13524831352e-05,1
173,2.54926700777e-08,2.10206936172e-05,1
174,2.50678152719e-08,2.06941536289e-05,1
175,2.46560536952e-08,2.03727799439e-05,1
176,2.42569781136e-08,2.00564907002e-05,1
177,2.38701940197e-08,1.97452053766e-05,1
178,2.34953192323e-08,1.94388447701e-05,1
179,2.31319835086e-08,1.9137330974e-05,1
180,2.27798281692e-08,1.88405873561e-05,1
181,2.24385057341e-08,1.85485385369e-05,1
182,2.21076795711e-08,1.82611103688e-05,1
183,2.17870235552e-08,1.79782299156e-05,1
184,2.14762217381e-08,1.7699825432e-05,1
185,2.11749680289e-08,1.74258263434e-05,1
186,2.08829658851e-08,1.71561632269e-05,1
187,2.05999280124e-08,1.68907677917e-05,1
188,2.03255760746e-08,1.66295728604e-05,1
189,2.00596404132e-08,1.637251235e-05,1
190,1.98018597748e-08,1.61195212544e-05,1
191,1.95519810479e-08,1.58705356257e-05,1
192,1.93097590073e-08,1.56254925572e-05,1
193,1.90749560679e-08,1.53843301659e-05,1
194,1.88473420443e-08,1.51469875754e-05,1
195,1.86266939201e-08,1.49134048994e-05,1
196,1.84127956227e-08,1.46835232253e-05,1
197,1.82054378063e-08,1.44572845979e-05,1
198,1.80044176415e-08,1.42346320038e-05,1
199,1.78095386112e-08,1.40155093555e-05,1
200,1.76206103133e-08,1.37998614769e-05,1
