x,y,u
0,0,0
0.025,0,0.15643446504
0.05,0,0.309016994375
0.075,0,0.45399049974
0.1,0,0.587785252292
0.125,0,0.707106781187
0.15,0,0.809016994375
0.175,0,0.891006524188
0.2,0,0.951056516295
0.225,0,0.987688340595
0.25,0,1
0.275,0,0.987688340595
0.3,0,0.951056516295
0.325,0,0.891006524188
0.35,0,0.809016994375
0.375,0,0.707106781187
0.4,0,0.587785252292
0.425,0,0.45399049974
0.45,0,0.309016994375
0.475,0,0.15643446504
0.5,0,1.22464679915e-16
0.525,0,-0.15643446504
0.55,0,-0.309016994375
0.575,0,-0.45399049974
0.6,0,-0.587785252292
0.625,0,-0.707106781187
0.65,0,-0.809016994375
0.675,0,-0.891006524188
0.7,0,-0.951056516295
0.725,0,-0.987688340595
0.75,0,-1
0.775,0,-0.987688340595
0.8,0,-0.951056516295
0.825,0,-0.891006524188
0.85,0,-0.809016994375
0.875,0,-0.707106781187
0.9,0,-0.587785252292
0.925,0,-0.45399049974
0.95,0,-0.309016994375
0.975,0,-0.15643446504
0,0.025641025641,0.00010538051709
0.025,0.025641025641,0.133306542109
0.05,0.025641025641,0.263225254216
0.075,0.025641025641,0.386662486969
0.1,0.025641025641,0.500578806033
0.125,0.025641025641,0.602169213568
0.15,0.025641025641,0.688932216579
0.175,0.025641025641,0.758731421983
0.2,0.025641025641,0.809848141693
0.225,0.025641025641,0.841023712422
0.25,0.025641025641,0.851490488154
0.275,0.025641025641,0.840990742132
0.3,0.025641025641,0.809783012951
0.325,0.025641025641,0.758635738476
0.35,0.025641025641,0.688808334351
0.375,0.025641025641,0.602020183011
0.4,0.025641025641,0.500408296775
0.425,0.025641025641,0.386474697512
0.45,0.025641025641,0.263024808561
0.475,0.025641025641,0.133098375893
0.5,0.025641025641,-0.00010538051709
0.525,0.025641025641,-0.133306542109
0.55,0.025641025641,-0.263225254216
0.575,0.025641025641,-0.386662486969
0.6,0.025641025641,-0.500578806033
0.625,0.025641025641,-0.602169213568
0.65,0.025641025641,-0.688932216579
0.675,0.025641025641,-0.758731421983
0.7,0.025641025641,-0.809848141693
0.725,0.025641025641,-0.841023712422
0.75,0.025641025641,-0.851490488154
0.775,0.025641025641,-0.840990742132
0.8,0.025641025641,-0.809783012951
0.825,0.025641025641,-0.758635738476
0.85,0.025641025641,-0.688808334351
0.875,0.025641025641,-0.602020183011
0.9,0.025641025641,-0.500408296775
0.925,0.025641025641,-0.386474697512
0.95,0.025641025641,-0.263024808561
0.975,0.025641025641,-0.133098375893
0,0.0512820512821,0.000213490625837
0.025,0.0512820512821,0.113631557493
0.05,0.0512820512821,0.224251638294
0.075,0.0512820512821,0.329349899511
0.1,0.0512820512821,0.426338473153
0.125,0.0512820512821,0.512829178649
0.15,0.0512820512821,0.586692327784
0.175,0.0512820512821,0.64610916469
0.2,0.0512820512821,0.689616649647
0.225,0.0512820512821,0.716143483983
0.25,0.0512820512821,0.725036489
0.275,0.0512820512821,0.7160766894
0.3,0.0512820512821,0.689484705184
0.325,0.0512820512821,0.645915319258
0.35,0.0512820512821,0.586441354502
0.375,0.0512820512821,0.51252725731
0.4,0.0512820512821,0.425993038064
0.425,0.0512820512821,0.32896945643
0.45,0.0512820512821,0.223845554992
0.475,0.0512820512821,0.113209833089
0.5,0.0512820512821,-0.000213490625837
0.525,0.0512820512821,-0.113631557493
0.55,0.0512820512821,-0.224251638294
0.575,0.0512820512821,-0.329349899511
0.6,0.0512820512821,-0.426338473153
0.625,0.0512820512821,-0.512829178649
0.65,0.0512820512821,-0.586692327784
0.675,0.0512820512821,-0.64610916469
0.7,0.0512820512821,-0.689616649647
0.725,0.0512820512821,-0.716143483983
0.75,0.0512820512821,-0.725036489
0.775,0.0512820512821,-0.7160766894
0.8,0.0512820512821,-0.689484705184
0.825,0.0512820512821,-0.645915319258
0.85,0.0512820512821,-0.586441354502
0.875,0.0512820512821,-0.51252725731
0.9,0.0512820512821,-0.425993038064
0.925,0.0512820512821,-0.32896945643
0.95,0.0512820512821,-0.223845554992
0.975,0.0512820512821,-0.113209833089
0,0.0769230769231,0.00032713062044
0.025,0.0769230769231,0.0968998849795
0.05,0.0769230769231,0.191086642578
0.075,0.0769230769231,0.280568212856
0.1,0.0769230769231,0.363141262581
0.125,0.0769230769231,0.436772569225
0.15,0.0769230769231,0.499649085649
0.175,0.0769230769231,0.550222583344
0.2,0.0769230769231,0.587247774954
0.225,0.0769230769231,0.60981297738
0.25,0.0769230769231,0.61736256045
0.275,0.0769230769231,0.609710628373
0.3,0.0769230769231,0.587045597111
0.325,0.0769230769231,0.549925554957
0.35,0.0769230769231,0.49926452054
0.375,0.0769230769231,0.436309936665
0.4,0.0769230769231,0.362611954119
0.425,0.0769230769231,0.279985261822
0.45,0.0769230769231,0.190464403162
0.475,0.0769230769231,0.0962536787802
0.5,0.0769230769231,-0.00032713062044
0.525,0.0769230769231,-0.0968998849795
0.55,0.0769230769231,-0.191086642578
0.575,0.0769230769231,-0.280568212856
0.6,0.0769230769231,-0.363141262581
0.625,0.0769230769231,-0.436772569225
0.65,0.0769230769231,-0.499649085649
0.675,0.0769230769231,-0.550222583344
0.7,0.0769230769231,-0.587247774954
0.725,0.0769230769231,-0.60981297738
0.75,0.0769230769231,-0.61736256045
0.775,0.0769230769231,-0.609710628373
0.8,0.0769230769231,-0.587045597111
0.825,0.0769230769231,-0.549925554957
0.85,0.0769230769231,-0.49926452054
0.875,0.0769230769231,-0.436309936665
0.9,0.0769230769231,-0.362611954119
0.925,0.0769230769231,-0.279985261822
0.95,0.0769230769231,-0.190464403162
0.975,0.0769230769231,-0.0962536787802
0,0.102564102564,0.000449244031543
0.025,0.102564102564,0.082678136737
0.05,0.102564102564,0.162871219323
0.075,0.102564102564,0.239053871951
0.1,0.102564102564,0.309350224877
0.125,0.102564102564,0.372029348592
0.15,0.102564102564,0.42554787505
0.175,0.102564102564,0.468588000511
0.2,0.102564102564,0.500089934246
0.225,0.102564102564,0.519277994097
0.25,0.102564102564,0.525679706348
0.275,0.102564102564,0.519137439597
0.3,0.102564102564,0.499812286166
0.325,0.102564102564,0.468180095467
0.35,0.102564102564,0.425019757017
0.375,0.102564102564,0.371394021589
0.4,0.102564102564,0.308623332764
0.425,0.102564102564,0.238253313225
0.45,0.102564102564,0.162016706396
0.475,0.102564102564,0.0817907105529
0.5,0.102564102564,-0.000449244031543
0.525,0.102564102564,-0.082678136737
0.55,0.102564102564,-0.162871219323
0.575,0.102564102564,-0.239053871951
0.6,0.102564102564,-0.309350224877
0.625,0.102564102564,-0.372029348592
0.65,0.102564102564,-0.42554787505
0.675,0.102564102564,-0.468588000511
0.7,0.102564102564,-0.500089934246
0.725,0.102564102564,-0.519277994097
0.75,0.102564102564,-0.525679706348
0.775,0.102564102564,-0.519137439597
0.8,0.102564102564,-0.499812286166
0.825,0.102564102564,-0.468180095467
0.85,0.102564102564,-0.425019757017
0.875,0.102564102564,-0.371394021589
0.9,0.102564102564,-0.308623332764
0.925,0.102564102564,-0.238253313225
0.95,0.102564102564,-0.162016706396
0.975,0.102564102564,-0.0817907105529
0,0.128205128205,0.000582993870272
0.025,0.128205128205,0.0705979376012
0.05,0.128205128205,0.138874525807
0.075,0.128205128205,0.20373156229
0.1,0.128205128205,0.263572051562
0.125,0.128205128205,0.31692252218
0.15,0.128205128205,0.362469308496
0.175,0.128205128205,0.39909089747
0.2,0.128205128205,0.425885544042
0.225,0.128205128205,0.442193475087
0.25,0.128205128205,0.447613135218
0.275,0.128205128205,0.442011074418
0.3,0.128205128205,0.425525234015
0.325,0.128205128205,0.398561550113
0.35,0.128205128205,0.361783958098
0.375,0.128205128205,0.316098044342
0.4,0.128205128205,0.262628747665
0.425,0.128205128205,0.202692659606
0.45,0.128205128205,0.137765605569
0.475,0.128205128205,0.0694463051045
0.5,0.128205128205,-0.000582993870272
0.525,0.128205128205,-0.0705979376012
0.55,0.128205128205,-0.138874525807
0.575,0.128205128205,-0.20373156229
0.6,0.128205128205,-0.263572051562
0.625,0.128205128205,-0.31692252218
0.65,0.128205128205,-0.362469308496
0.675,0.128205128205,-0.39909089747
0.7,0.128205128205,-0.425885544042
0.725,0.128205128205,-0.442193475087
0.75,0.128205128205,-0.447613135218
0.775,0.128205128205,-0.442011074418
0.8,0.128205128205,-0.425525234015
0.825,0.128205128205,-0.398561550113
0.85,0.128205128205,-0.361783958098
0.875,0.128205128205,-0.316098044342
0.9,0.128205128205,-0.262628747665
0.925,0.128205128205,-0.202692659606
0.95,0.128205128205,-0.137765605569
0.975,0.128205128205,-0.0694463051045
0,0.153846153846,0.000731844557319
0.025,0.153846153846,0.0603463833304
0.05,0.153846153846,0.118474993868
0.075,0.153846153846,0.17368635686
0.1,0.153846153846,0.224620985314
0.125,0.153846153846,0.270024699636
0.15,0.153846153846,0.308779509692
0.175,0.153846153846,0.339931143439
0.2,0.153846153846,0.362712544268
0.225,0.153846153846,0.376562758483
0.25,0.153846153846,0.381140747844
0.275,0.153846153846,0.376333787059
0.3,0.153846153846,0.362260239457
0.325,0.153846153846,0.339266642486
0.35,0.153846153846,0.307919174817
0.375,0.153846153846,0.268989715138
0.4,0.153846153846,0.223436835946
0.425,0.153846153846,0.172382200309
0.45,0.153846153846,0.117082942797
0.475,0.153846153846,0.0589007146576
0.5,0.153846153846,-0.000731844557319
0.525,0.153846153846,-0.0603463833304
0.55,0.153846153846,-0.118474993868
0.575,0.153846153846,-0.17368635686
0.6,0.153846153846,-0.224620985314
0.625,0.153846153846,-0.270024699636
0.65,0.153846153846,-0.308779509692
0.675,0.153846153846,-0.339931143439
0.7,0.153846153846,-0.362712544268
0.725,0.153846153846,-0.376562758483
0.75,0.153846153846,-0.381140747844
0.775,0.153846153846,-0.376333787059
0.8,0.153846153846,-0.362260239457
0.825,0.153846153846,-0.339266642486
0.85,0.153846153846,-0.307919174817
0.875,0.153846153846,-0.268989715138
0.9,0.153846153846,-0.223436835946
0.925,0.153846153846,-0.172382200309
0.95,0.153846153846,-0.117082942797
0.975,0.153846153846,-0.0589007146576
0,0.179487179487,0.000899651659202
0.025,0.179487179487,0.051657935685
0.05,0.179487179487,0.101144229891
0.075,0.179487179487,0.148140017479
0.1,0.179487179487,0.191488106188
0.125,0.179487179487,0.23012112221
0.15,0.179487179487,0.263087792476
0.175,0.179487179487,0.289576368152
0.2,0.179487179487,0.308934612595
0.225,0.179487179487,0.320685861581
0.25,0.179487179487,0.324540760359
0.275,0.179487179487,0.320404388529
0.3,0.179487179487,0.308378597291
0.325,0.179487179487,0.288759501539
0.35,0.179487179487,0.262030188521
0.375,0.179487179487,0.228848822633
0.4,0.179487179487,0.190032439226
0.425,0.179487179487,0.146536826484
0.45,0.179487179487,0.0994329907455
0.475,0.179487179487,0.0498807847762
0.5,0.179487179487,-0.000899651659202
0.525,0.179487179487,-0.051657935685
0.55,0.179487179487,-0.101144229891
0.575,0.179487179487,-0.148140017479
0.6,0.179487179487,-0.191488106188
0.625,0.179487179487,-0.23012112221
0.65,0.179487179487,-0.263087792476
0.675,0.179487179487,-0.289576368152
0.7,0.179487179487,-0.308934612595
0.725,0.179487179487,-0.320685861581
0.75,0.179487179487,-0.324540760359
0.775,0.179487179487,-0.320404388529
0.8,0.179487179487,-0.308378597291
0.825,0.179487179487,-0.288759501539
0.85,0.179487179487,-0.262030188521
0.875,0.179487179487,-0.228848822633
0.9,0.179487179487,-0.190032439226
0.925,0.179487179487,-0.146536826484
0.95,0.179487179487,-0.0994329907455
0.975,0.179487179487,-0.0498807847762
0,0.205128205128,0.00109076175608
0.025,0.205128205128,0.0443075443913
0.05,0.205128205128,0.0864333282354
0.075,0.205128205128,0.126430836682
0.1,0.205128205128,0.163315198331
0.125,0.205128205128,0.196178197784
0.15,0.205128205128,0.224210638929
0.175,0.205128205128,0.246722270032
0.2,0.205128205128,0.263158780022
0.225,0.205128205128,0.273115447474
0.25,0.205128205128,0.276347106192
0.275,0.205128205128,0.272774182011
0.3,0.205128205128,0.262484652183
0.325,0.205128205128,0.245731879082
0.35,0.205128205128,0.222928371581
0.375,0.205128205128,0.194635627715
0.4,0.205128205128,0.161550308736
0.425,0.205128205128,0.124487085
0.45,0.205128205128,0.0843585760837
0.475,0.205128205128,0.0421528790536
0.5,0.205128205128,-0.00109076175609
0.525,0.205128205128,-0.0443075443913
0.55,0.205128205128,-0.0864333282354
0.575,0.205128205128,-0.126430836682
0.6,0.205128205128,-0.163315198331
0.625,0.205128205128,-0.196178197784
0.65,0.205128205128,-0.224210638929
0.675,0.205128205128,-0.246722270032
0.7,0.205128205128,-0.263158780022
0.725,0.205128205128,-0.273115447474
0.75,0.205128205128,-0.276347106192
0.775,0.205128205128,-0.272774182011
0.8,0.205128205128,-0.262484652183
0.825,0.205128205128,-0.245731879082
0.85,0.205128205128,-0.222928371581
0.875,0.205128205128,-0.194635627715
0.9,0.205128205128,-0.161550308736
0.925,0.205128205128,-0.124487085
0.95,0.205128205128,-0.0843585760837
0.975,0.205128205128,-0.0421528790536
0,0.230769230769,0.00131012502795
0.025,0.230769230769,0.0381048178354
0.05,0.230769230769,0.073961243565
0.075,0.230769230769,0.107996498015
0.1,0.230769230769,0.139372520264
0.125,0.230769230769,0.167316728513
0.15,0.230769230769,0.191141043613
0.175,0.230769230769,0.21025883186
0.2,0.230769230769,0.224199349856
0.225,0.230769230769,0.232619335785
0.25,0.230769230769,0.235311461647
0.275,0.230769230769,0.232209438369
0.3,0.230769230769,0.22338964806
0.325,0.230769230769,0.209069263227
0.35,0.230769230769,0.189600899273
0.375,0.230769230769,0.16546393193
0.4,0.230769230769,0.137252693439
0.425,0.230769230769,0.10566183812
0.45,0.230769230769,0.0714692376751
0.475,0.230769230769,0.0355168274057
0.5,0.230769230769,-0.00131012502795
0.525,0.230769230769,-0.0381048178354
0.55,0.230769230769,-0.073961243565
0.575,0.230769230769,-0.107996498015
0.6,0.230769230769,-0.139372520264
0.625,0.230769230769,-0.167316728513
0.65,0.230769230769,-0.191141043613
0.675,0.230769230769,-0.21025883186
0.7,0.230769230769,-0.224199349856
0.725,0.230769230769,-0.232619335785
0.75,0.230769230769,-0.235311461647
0.775,0.230769230769,-0.232209438369
0.8,0.230769230769,-0.22338964806
0.825,0.230769230769,-0.209069263227
0.85,0.230769230769,-0.189600899273
0.875,0.230769230769,-0.16546393193
0.9,0.230769230769,-0.137252693439
0.925,0.230769230769,-0.10566183812
0.95,0.230769230769,-0.0714692376751
0.975,0.230769230769,-0.0355168274057
0,0.25641025641,0.00156342347535
0.025,0.25641025641,0.0328890914927
0.05,0.25641025641,0.0634049209248
0.075,0.25641025641,0.0923595107749
0.1,0.25641025641,0.119039902946
0.125,0.25641025641,0.142789137636
0.15,0.25641025641,0.163022429867
0.175,0.25641025641,0.179241568835
0.2,0.25641025641,0.191047185509
0.225,0.25641025641,0.198148586427
0.25,0.25641025641,0.200370911529
0.275,0.25641025641,0.197659439797
0.3,0.25641025641,0.190080936662
0.325,0.25641025641,0.177822010025
0.35,0.25641025641,0.161184515343
0.375,0.25641025641,0.140578122953
0.4,0.25641025641,0.116510230624
0.425,0.25641025641,0.0895734697417
0.45,0.25641025641,0.0604311127569
0.475,0.25641025641,0.0298007412166
0.5,0.25641025641,-0.00156342347535
0.525,0.25641025641,-0.0328890914927
0.55,0.25641025641,-0.0634049209248
0.575,0.25641025641,-0.0923595107749
0.6,0.25641025641,-0.119039902946
0.625,0.25641025641,-0.142789137636
0.65,0.25641025641,-0.163022429867
0.675,0.25641025641,-0.179241568835
0.7,0.25641025641,-0.191047185509
0.725,0.25641025641,-0.198148586427
0.75,0.25641025641,-0.200370911529
0.775,0.25641025641,-0.197659439797
0.8,0.25641025641,-0.190080936662
0.825,0.25641025641,-0.177822010025
0.85,0.25641025641,-0.161184515343
0.875,0.25641025641,-0.140578122953
0.9,0.25641025641,-0.116510230624
0.925,0.25641025641,-0.0895734697417
0.95,0.25641025641,-0.0604311127569
0.975,0.25641025641,-0.0298007412166
0,0.282051282051,0.00185721809597
0.025,0.282051282051,0.0285252663573
0.05,0.282051282051,0.0544909278909
0.075,0.282051282051,0.0791148419349
0.1,0.282051282051,0.101790686003
0.125,0.282051282051,0.121960105558
0.15,0.282051282051,0.139126462552
0.175,0.282051282051,0.152867064304
0.2,0.282051282051,0.162843571596
0.225,0.282051282051,0.168810329708
0.25,0.282051282051,0.170620417253
0.275,0.282051282051,0.168229263869
0.3,0.282051282051,0.161695747688
0.325,0.282051282051,0.151180745561
0.35,0.282051282051,0.136943171738
0.375,0.282051282051,0.119333602539
0.4,0.282051282051,0.0987856439995
0.425,0.282051282051,0.0758052550542
0.45,0.282051282051,0.0509582891462
0.475,0.282051282051,0.0248565610386
0.5,0.282051282051,-0.00185721809597
0.525,0.282051282051,-0.0285252663573
0.55,0.282051282051,-0.0544909278909
0.575,0.282051282051,-0.0791148419349
0.6,0.282051282051,-0.101790686003
0.625,0.282051282051,-0.121960105558
0.65,0.282051282051,-0.139126462552
0.675,0.282051282051,-0.152867064304
0.7,0.282051282051,-0.162843571596
0.725,0.282051282051,-0.168810329708
0.75,0.282051282051,-0.170620417253
0.775,0.282051282051,-0.168229263869
0.8,0.282051282051,-0.161695747688
0.825,0.282051282051,-0.151180745561
0.85,0.282051282051,-0.136943171738
0.875,0.282051282051,-0.119333602539
0.9,0.282051282051,-0.0987856439995
0.925,0.282051282051,-0.0758052550542
0.95,0.282051282051,-0.0509582891462
0.975,0.282051282051,-0.0248565610386
0,0.307692307692,0.00219911882917
0.025,0.307692307692,0.0249003095744
0.05,0.307692307692,0.0469883720586
0.075,0.307692307692,0.0679194248772
0.1,0.307692307692,0.0871780760437
0.125,0.307692307692,0.104290113651
0.15,0.307692307692,0.11883418254
0.175,0.307692307692,0.130452159468
0.2,0.307692307692,0.138857971283
0.225,0.307692307692,0.143844639003
0.25,0.307692307692,0.145289374317
0.275,0.307692307692,0.143156603047
0.3,0.307692307692,0.137498841102
0.325,0.307692307692,0.128455401355
0.35,0.307692307692,0.116248963309
0.375,0.307692307692,0.101180089977
0.4,0.307692307692,0.0836198270328
0.425,0.307692307692,0.0640005664287
0.45,0.307692307692,0.0428053994734
0.475,0.307692307692,0.0205562215201
0.5,0.307692307692,-0.00219911882917
0.525,0.307692307692,-0.0249003095744
0.55,0.307692307692,-0.0469883720586
0.575,0.307692307692,-0.0679194248772
0.6,0.307692307692,-0.0871780760437
0.625,0.307692307692,-0.104290113651
0.65,0.307692307692,-0.11883418254
0.675,0.307692307692,-0.130452159468
0.7,0.307692307692,-0.138857971283
0.725,0.307692307692,-0.143844639003
0.75,0.307692307692,-0.145289374317
0.775,0.307692307692,-0.143156603047
0.8,0.307692307692,-0.137498841102
0.825,0.307692307692,-0.128455401355
0.85,0.307692307692,-0.116248963309
0.875,0.307692307692,-0.101180089977
0.9,0.307692307692,-0.0836198270328
0.925,0.307692307692,-0.0640005664287
0.95,0.307692307692,-0.0428053994734
0.975,0.307692307692,-0.0205562215201
0,0.333333333333,0.0025979816705
0.025,0.333333333333,0.0219203266363
0.05,0.333333333333,0.0407029204109
0.075,0.333333333333,0.0584832731997
0.1,0.333333333333,0.0748235737076
0.125,0.333333333333,0.0893214695055
0.15,0.333333333333,0.101619974283
0.175,0.333333333333,0.111416258037
0.2,0.333333333333,0.118469103748
0.225,0.333333333333,0.122604846949
0.25,0.333333333333,0.123721651915
0.275,0.333333333333,0.121792019203
0.3,0.333333333333,0.116863462774
0.325,0.333333333333,0.109057340043
0.35,0.333333333333,0.0985658636599
0.375,0.333333333333,0.0856473685923
0.4,0.333333333333,0.0706199510625
0.425,0.333333333333,0.0538536359635
0.45,0.333333333333,0.035761265617
0.475,0.333333333333,0.0167883342262
0.5,0.333333333333,-0.0025979816705
0.525,0.333333333333,-0.0219203266363
0.55,0.333333333333,-0.0407029204109
0.575,0.333333333333,-0.0584832731997
0.6,0.333333333333,-0.0748235737076
0.625,0.333333333333,-0.0893214695055
0.65,0.333333333333,-0.101619974283
0.675,0.333333333333,-0.111416258037
0.7,0.333333333333,-0.118469103748
0.725,0.333333333333,-0.122604846949
0.75,0.333333333333,-0.123721651915
0.775,0.333333333333,-0.121792019203
0.8,0.333333333333,-0.116863462774
0.825,0.333333333333,-0.109057340043
0.85,0.333333333333,-0.0985658636599
0.875,0.333333333333,-0.0856473685923
0.9,0.333333333333,-0.0706199510625
0.925,0.333333333333,-0.0538536359635
0.95,0.333333333333,-0.035761265617
0.975,0.333333333333,-0.0167883342262
0,0.358974358974,0.00306413806179
0.025,0.358974358974,0.0195081293036
0.05,0.358974358974,0.0354717656582
0.075,0.358974358974,0.0505619694182
0.1,0.358974358974,0.0644071696856
0.125,0.358974358974,0.0766664516802
0.15,0.358974358974,0.0870379511931
0.175,0.358974358974,0.0952662874852
0.2,0.358974358974,0.101148851609
0.225,0.358974358974,0.104540795312
0.25,0.358974358974,0.105358597683
0.275,0.358974358974,0.103582121715
0.3,0.358974358974,0.0992551101403
0.325,0.358974358974,0.0924841083453
0.35,0.358974358974,0.0834358408657
0.375,0.358974358974,0.0723331060762
0.4,0.358974358974,0.0594492901554
0.425,0.358974358974,0.0451016354101
0.45,0.358974358974,0.0296434287172
0.475,0.358974358974,0.0134553024284
0.5,0.358974358974,-0.00306413806179
0.525,0.358974358974,-0.0195081293036
0.55,0.358974358974,-0.0354717656582
0.575,0.358974358974,-0.0505619694182
0.6,0.358974358974,-0.0644071696856
0.625,0.358974358974,-0.0766664516802
0.65,0.358974358974,-0.0870379511931
0.675,0.358974358974,-0.0952662874852
0.7,0.358974358974,-0.101148851609
0.725,0.358974358974,-0.104540795312
0.75,0.358974358974,-0.105358597683
0.775,0.358974358974,-0.103582121715
0.8,0.358974358974,-0.0992551101403
0.825,0.358974358974,-0.0924841083453
0.85,0.358974358974,-0.0834358408657
0.875,0.358974358974,-0.0723331060762
0.9,0.358974358974,-0.0594492901554
0.925,0.358974358974,-0.0451016354101
0.95,0.358974358974,-0.0296434287172
0.975,0.358974358974,-0.0134553024284
0,0.384615384615,0.0036096624987
0.025,0.384615384615,0.0176012362573
0.05,0.384615384615,0.031159409164
0.075,0.384615384615,0.043950334005
0.1,0.384615384615,0.0556590557599
0.125,0.384615384615,0.0659972668403
0.15,0.384615384615,0.0747104061787
0.175,0.384615384615,0.0815839273673
0.2,0.384615384615,0.0864485815026
0.225,0.384615384615,0.0891845846549
0.25,0.384615384615,0.0897245673464
0.275,0.384615384615,0.088055233411
0.3,0.384615384615,0.0842176873905
0.325,0.384615384615,0.0783064224039
0.35,0.384615384615,0.0704669934137
0.375,0.384615384615,0.060892433179
0.4,0.384615384615,0.0498184991491
0.425,0.384615384615,0.037517868332
0.45,0.384615384615,0.024293423082
0.475,0.384615384615,0.0104707931303
0.5,0.384615384615,-0.0036096624987
0.525,0.384615384615,-0.0176012362573
0.55,0.384615384615,-0.031159409164
0.575,0.384615384615,-0.043950334005
0.6,0.384615384615,-0.0556590557599
0.625,0.384615384615,-0.0659972668403
0.65,0.384615384615,-0.0747104061787
0.675,0.384615384615,-0.0815839273673
0.7,0.384615384615,-0.0864485815026
0.725,0.384615384615,-0.0891845846549
0.75,0.384615384615,-0.0897245673464
0.775,0.384615384615,-0.088055233411
0.8,0.384615384615,-0.0842176873905
0.825,0.384615384615,-0.0783064224039
0.85,0.384615384615,-0.0704669934137
0.875,0.384615384615,-0.060892433179
0.9,0.384615384615,-0.0498184991491
0.925,0.384615384615,-0.037517868332
0.95,0.384615384615,-0.024293423082
0.975,0.384615384615,-0.0104707931303
0,0.410256410256,0.00424868528723
0.025,0.410256410256,0.0161502546921
0.05,0.410256410256,0.0276541512268
0.075,0.410256410256,0.0384771107795
0.1,0.410256410256,0.0483526361666
0.125,0.410256410256,0.057037559178
0.15,0.410256410256,0.0643180281857
0.175,0.410256410256,0.0700147738801
0.2,0.410256410256,0.0739875234759
0.225,0.410256410256,0.0761384546933
0.25,0.410256410256,0.076414604467
0.275,0.410256410256,0.0748091730732
0.3,0.410256410256,0.0713616915609
0.325,0.410256410256,0.0661570483666
0.35,0.410256410256,0.0593233990788
0.375,0.410256410256,0.0510290108226
0.4,0.410256410256,0.0414781189643
0.425,0.410256410256,0.0309058981592
0.45,0.410256410256,0.0195726715706
0.475,0.410256410256,0.00775750085
0.5,0.410256410256,-0.00424868528723
0.525,0.410256410256,-0.0161502546921
0.55,0.410256410256,-0.0276541512268
0.575,0.410256410256,-0.0384771107795
0.6,0.410256410256,-0.0483526361666
0.625,0.410256410256,-0.057037559178
0.65,0.410256410256,-0.0643180281857
0.675,0.410256410256,-0.0700147738801
0.7,0.410256410256,-0.0739875234759
0.725,0.410256410256,-0.0761384546933
0.75,0.410256410256,-0.076414604467
0.775,0.410256410256,-0.0748091730732
0.8,0.410256410256,-0.0713616915609
0.825,0.410256410256,-0.0661570483666
0.85,0.410256410256,-0.0593233990788
0.875,0.410256410256,-0.0510290108226
0.9,0.410256410256,-0.0414781189643
0.925,0.410256410256,-0.0309058981592
0.95,0.410256410256,-0.0195726715706
0.975,0.410256410256,-0.00775750085
0,0.435897435897,0.00499775855028
0.025,0.435897435897,0.0151176009325
0.05,0.435897435897,0.0248651978073
0.075,0.435897435897,0.0340005309893
0.1,0.435897435897,0.0422986582569
0.125,0.435897435897,0.0495552521772
0.15,0.435897435897,0.0555916313243
0.175,0.435897435897,0.0602591600102
0.2,0.435897435897,0.063442908188
0.225,0.435897435897,0.0650644814112
0.25,0.435897435897,0.0650839511655
0.275,0.435897435897,0.0635008380408
0.3,0.435897435897,0.0603541235363
0.325,0.435897435897,0.0557212902066
0.35,0.435897435897,0.0497164137836
0.375,0.435897435897,0.0424873542539
0.4,0.435897435897,0.034212115055
0.425,0.435897435897,0.02509446004
0.45,0.435897435897,0.0153588961351
0.475,0.435897435897,0.00524514523405
0.5,0.435897435897,-0.00499775855028
0.525,0.435897435897,-0.0151176009325
0.55,0.435897435897,-0.0248651978073
0.575,0.435897435897,-0.0340005309893
0.6,0.435897435897,-0.0422986582569
0.625,0.435897435897,-0.0495552521772
0.65,0.435897435897,-0.0555916313243
0.675,0.435897435897,-0.0602591600102
0.7,0.435897435897,-0.063442908188
0.725,0.435897435897,-0.0650644814112
0.75,0.435897435897,-0.0650839511655
0.775,0.435897435897,-0.0635008380408
0.8,0.435897435897,-0.0603541235363
0.825,0.435897435897,-0.0557212902066
0.85,0.435897435897,-0.0497164137836
0.875,0.435897435897,-0.0424873542539
0.9,0.435897435897,-0.034212115055
0.925,0.435897435897,-0.02509446004
0.95,0.435897435897,-0.0153588961351
0.975,0.435897435897,-0.00524514523405
0,0.461538461538,0.00587628496481
0.025,0.461538461538,0.0144765269308
0.05,0.461538461538,0.022720308759
0.075,0.461538461538,0.0304046411811
0.1,0.461538461538,0.0373403104302
0.125,0.461538461538,0.043356537311
0.15,0.461538461538,0.0483051823512
0.175,0.461538461538,0.0520643934861
0.2,0.461538461538,0.0545416064617
0.225,0.461538461538,0.0556758240729
0.25,0.461538461538,0.055439118118
0.275,0.461538461538,0.0538373170831
0.3,0.461538461538,0.0509098626258
0.325,0.461538461538,0.0467288383906
0.35,0.461538461538,0.04139719507
0.375,0.461538461538,0.0350462154174
0.4,0.461538461538,0.0278322816295
0.425,0.461538461538,0.0199330246979
0.45,0.461538461538,0.0115429505442
0.475,0.461538461538,0.00286865063933
0.5,0.461538461538,-0.00587628496481
0.525,0.461538461538,-0.0144765269308
0.55,0.461538461538,-0.022720308759
0.575,0.461538461538,-0.0304046411811
0.6,0.461538461538,-0.0373403104302
0.625,0.461538461538,-0.043356537311
0.65,0.461538461538,-0.0483051823512
0.675,0.461538461538,-0.0520643934861
0.7,0.461538461538,-0.0545416064617
0.725,0.461538461538,-0.0556758240729
0.75,0.461538461538,-0.055439118118
0.775,0.461538461538,-0.0538373170831
0.8,0.461538461538,-0.0509098626258
0.825,0.461538461538,-0.0467288383906
0.85,0.461538461538,-0.04139719507
0.875,0.461538461538,-0.0350462154174
0.9,0.461538461538,-0.0278322816295
0.925,0.461538461538,-0.0199330246979
0.95,0.461538461538,-0.0115429505442
0.975,0.461538461538,-0.00286865063933
0,0.487179487179,0.00690702033461
0.025,0.487179487179,0.0142104274332
0.05,0.487179487179,0.0211639266467
0.075,0.487179487179,0.0275962997471
0.1,0.487179487179,0.0333491603608
0.125,0.487179487179,0.038280853967
0.15,0.487179487179,0.0422699459016
0.175,0.487179487179,0.0452182114822
0.2,0.487179487179,0.0470530546255
0.225,0.487179487179,0.0477292954037
0.25,0.487179487179,0.0472302825247
0.275,0.487179487179,0.0455683033416
0.3,0.487179487179,0.0427842812977
0.325,0.487179487179,0.0389467682553
0.35,0.487179487179,0.0341502565216
0.375,0.487179487179,0.0285128521342
0.4,0.487179487179,0.0221733666984
0.425,0.487179487179,0.0152878993854
0.45,0.487179487179,0.00802599325184
0.475,0.487179487179,0.0005664605277
0.5,0.487179487179,-0.00690702033461
0.525,0.487179487179,-0.0142104274332
0.55,0.487179487179,-0.0211639266467
0.575,0.487179487179,-0.0275962997471
0.6,0.487179487179,-0.0333491603608
0.625,0.487179487179,-0.038280853967
0.65,0.487179487179,-0.0422699459016
0.675,0.487179487179,-0.0452182114822
0.7,0.487179487179,-0.0470530546255
0.725,0.487179487179,-0.0477292954037
0.75,0.487179487179,-0.0472302825247
0.775,0.487179487179,-0.0455683033416
0.8,0.487179487179,-0.0427842812977
0.825,0.487179487179,-0.0389467682553
0.85,0.487179487179,-0.0341502565216
0.875,0.487179487179,-0.0285128521342
0.9,0.487179487179,-0.0221733666984
0.925,0.487179487179,-0.0152878993854
0.95,0.487179487179,-0.00802599325184
0.975,0.487179487179,-0.000566460527701
0,0.512820512821,0.00811666301668
0.025,0.512820512821,0.014312409866
0.05,0.512820512821,0.0201557376842
0.075,0.512820512821,0.0255027643476
0.1,0.512820512821,0.0302218283139
0.125,0.512820512821,0.0341967305667
0.15,0.512820512821,0.0373295958204
0.175,0.512820512821,0.0395432825352
0.2,0.512820512821,0.0407832823974
0.225,0.512820512821,0.041019062495
0.25,0.512820512821,0.0402448171395
0.275,0.512820512821,0.0384796108212
0.3,0.512820512821,0.0357669087779
0.325,0.512820512821,0.0321735067369
0.35,0.512820512821,0.0277878861824
0.375,0.512820512821,0.0227180356473
0.4,0.512820512821,0.0170887916777
0.425,0.512820512821,0.0110387649426
0.45,0.512820512821,0.00471692717904
0.475,0.512820512821,-0.00172105698625
0.5,0.512820512821,-0.00811666301668
0.525,0.512820512821,-0.014312409866
0.55,0.512820512821,-0.0201557376842
0.575,0.512820512821,-0.0255027643476
0.6,0.512820512821,-0.0302218283139
0.625,0.512820512821,-0.0341967305667
0.65,0.512820512821,-0.0373295958204
0.675,0.512820512821,-0.0395432825352
0.7,0.512820512821,-0.0407832823974
0.725,0.512820512821,-0.041019062495
0.75,0.512820512821,-0.0402448171395
0.775,0.512820512821,-0.0384796108212
0.8,0.512820512821,-0.0357669087779
0.825,0.512820512821,-0.0321735067369
0.85,0.512820512821,-0.0277878861824
0.875,0.512820512821,-0.0227180356473
0.9,0.512820512821,-0.0170887916777
0.925,0.512820512821,-0.0110387649426
0.95,0.512820512821,-0.00471692717904
0.975,0.512820512821,0.00172105698625
0,0.538461538462,0.00953654546851
0.025,0.538461538462,0.0147851158028
0.05,0.538461538462,0.0196696275171
0.075,0.538461538462,0.0240698077222
0.1,0.538461538462,0.027877309378
0.125,0.538461538462,0.0309983791574
0.15,0.538461538462,0.0333561659643
0.175,0.538461538462,0.0348926132624
0.2,0.538461538462,0.03556988862
0.225,0.538461538462,0.03537131527
0.25,0.538461538462,0.0343017827475
0.275,0.538461538462,0.0323876264926
0.3,0.538461538462,0.0296759793852
0.325,0.538461538462,0.0262336111763
0.35,0.538461538462,0.0221452843959
0.375,0.538461538462,0.0175116672177
0.4,0.538461538462,0.0124468546747
0.425,0.538461538462,0.00707555926084
0.45,0.538461538462,0.00153004009557
0.475,0.538461538462,-0.00405315373477
0.5,0.538461538462,-0.00953654546851
0.525,0.538461538462,-0.0147851158028
0.55,0.538461538462,-0.0196696275171
0.575,0.538461538462,-0.0240698077222
0.6,0.538461538462,-0.027877309378
0.625,0.538461538462,-0.0309983791574
0.65,0.538461538462,-0.0333561659643
0.675,0.538461538462,-0.0348926132624
0.7,0.538461538462,-0.03556988862
0.725,0.538461538462,-0.03537131527
0.75,0.538461538462,-0.0343017827475
0.775,0.538461538462,-0.0323876264927
0.8,0.538461538462,-0.0296759793852
0.825,0.538461538462,-0.0262336111763
0.85,0.538461538462,-0.0221452843959
0.875,0.538461538462,-0.0175116672177
0.9,0.538461538462,-0.0124468546747
0.925,0.538461538462,-0.00707555926084
0.95,0.538461538462,-0.00153004009557
0.975,0.538461538462,0.00405315373476
0,0.564102564103,0.011203445829
0.025,0.564102564103,0.0156407893873
0.05,0.564102564103,0.0196930048022
0.075,0.564102564103,0.0232603130814
0.1,0.564102564103,0.0262548752561
0.125,0.564102564103,0.028602955267
0.15,0.564102564103,0.0302467355915
0.175,0.564102564103,0.0311457409025
0.2,0.564102564103,0.0312778347058
0.225,0.564102564103,0.0306397644134
0.25,0.564102564103,0.0292472414336
0.275,0.564102564103,0.0271345543036
0.3,0.564102564103,0.0243537243923
0.325,0.564102564103,0.0209732249611
0.35,0.564102564103,0.0170762951252
0.375,0.564102564103,0.0127588902303
0.4,0.564102564103,0.00812731911368
0.425,0.564102564103,0.00329562642741
0.45,0.564102564103,-0.00161721551906
0.475,0.564102564103,-0.00649023625222
0.5,0.564102564103,-0.011203445829
0.525,0.564102564103,-0.0156407893873
0.55,0.564102564103,-0.0196930048022
0.575,0.564102564103,-0.0232603130814
0.6,0.564102564103,-0.0262548752561
0.625,0.564102564103,-0.028602955267
0.65,0.564102564103,-0.0302467355915
0.675,0.564102564103,-0.0311457409025
0.7,0.564102564103,-0.0312778347058
0.725,0.564102564103,-0.0306397644134
0.75,0.564102564103,-0.0292472414336
0.775,0.564102564103,-0.0271345543036
0.8,0.564102564103,-0.0243537243923
0.825,0.564102564103,-0.0209732249611
0.85,0.564102564103,-0.0170762951252
0.875,0.564102564103,-0.0127588902303
0.9,0.564102564103,-0.00812731911368
0.925,0.564102564103,-0.00329562642741
0.95,0.564102564103,0.00161721551906
0.975,0.564102564103,0.00649023625222
0,0.589743589744,0.0131605405547
0.025,0.589743589744,0.0169015944838
0.05,0.589743589744,0.0202264750635
0.075,0.589743589744,0.0230533126994
0.1,0.589743589744,0.025312501267
0.125,0.589743589744,0.0269484120461
0.15,0.589743589744,0.0279207634839
0.175,0.589743589744,0.0282056130611
0.2,0.589743589744,0.0277959468356
0.225,0.589743589744,0.0267018521496
0.25,0.589743589744,0.0249502692453
0.275,0.589743589744,0.022584327907
0.3,0.589743589744,0.0196622854625
0.325,0.589743589744,0.0162560922946
0.35,0.589743589744,0.0124496201835
0.375,0.589743589744,0.00833659710551
0.4,0.589743589744,0.00401829933924
0.425,0.589743589744,-0.000398942292734
0.45,0.589743589744,-0.00480636064145
0.475,0.589743589744,-0.00909543043977
0.5,0.589743589744,-0.0131605405547
0.525,0.589743589744,-0.0169015944838
0.55,0.589743589744,-0.0202264750635
0.575,0.589743589744,-0.0230533126994
0.6,0.589743589744,-0.025312501267
0.625,0.589743589744,-0.0269484120461
0.65,0.589743589744,-0.0279207634839
0.675,0.589743589744,-0.0282056130611
0.7,0.589743589744,-0.0277959468356
0.725,0.589743589744,-0.0267018521496
0.75,0.589743589744,-0.0249502692453
0.775,0.589743589744,-0.022584327907
0.8,0.589743589744,-0.0196622854625
0.825,0.589743589744,-0.0162560922946
0.85,0.589743589744,-0.0124496201835
0.875,0.589743589744,-0.00833659710551
0.9,0.589743589744,-0.00401829933924
0.925,0.589743589744,0.000398942292734
0.95,0.589743589744,0.00480636064145
0.975,0.589743589744,0.00909543043977
0,0.615384615385,0.0154585227868
0.025,0.615384615385,0.0186001887709
0.05,0.615384615385,0.0212838563769
0.075,0.615384615385,0.023443444802
0.1,0.615384615385,0.0250257778116
0.125,0.615384615385,0.0259918931157
0.15,0.615384615385,0.0263180017492
0.175,0.615384615385,0.0259960738352
0.2,0.615384615385,0.0250340363073
0.225,0.615384615385,0.0234555777224
0.25,0.615384615385,0.0212995649693
0.275,0.615384615385,0.0186190862374
0.3,0.615384615385,0.0154801438092
0.325,0.615384615385,0.0119600288648
0.35,0.615384615385,0.00814541831664
0.375,0.615384615385,0.00413024053644
0.4,0.615384615385,1.33625267545e-05
0.425,0.615384615385,-0.00410384451269
0.45,0.615384615385,-0.00812000128035
0.475,0.615384615385,-0.0119362166678
0.5,0.615384615385,-0.0154585227868
0.525,0.615384615385,-0.0186001887709
0.55,0.615384615385,-0.0212838563769
0.575,0.615384615385,-0.023443444802
0.6,0.615384615385,-0.0250257778116
0.625,0.615384615385,-0.0259918931157
0.65,0.615384615385,-0.0263180017492
0.675,0.615384615385,-0.0259960738352
0.7,0.615384615385,-0.0250340363073
0.725,0.615384615385,-0.0234555777224
0.75,0.615384615385,-0.0212995649693
0.775,0.615384615385,-0.0186190862374
0.8,0.615384615385,-0.0154801438092
0.825,0.615384615385,-0.0119600288648
0.85,0.615384615385,-0.00814541831664
0.875,0.615384615385,-0.00413024053644
0.9,0.615384615385,-1.3362526755e-05
0.925,0.615384615385,0.00410384451269
0.95,0.615384615385,0.00812000128035
0.975,0.615384615385,0.0119362166678
0,0.641025641026,0.0181569154172
0.025,0.641025641026,0.0207805696489
0.05,0.641025641026,0.0228925372891
0.075,0.641025641026,0.0244408146853
0.1,0.641025641026,0.0253872781095
0.125,0.641025641026,0.0257086224911
0.15,0.641025641026,0.025396935265
0.175,0.641025641026,0.024459891205
0.2,0.641025641026,0.0229205634459
0.225,0.641025641026,0.0208168553457
0.25,0.641025641026,0.0182005671797
0.275,0.641025641026,0.0151361206456
0.3,0.641025641026,0.0116989725872
0.325,0.641025641026,0.00797375699709
0.35,0.641025641026,0.00405220104632
0.375,0.641025641026,3.08664573027e-05
0.4,0.641025641026,-0.00399122816633
0.425,0.641025641026,-0.00791504550638
0.45,0.641025641026,-0.0116439681575
0.475,0.641025641026,-0.0150861776685
0.5,0.641025641026,-0.0181569154172
0.525,0.641025641026,-0.0207805696489
0.55,0.641025641026,-0.0228925372891
0.575,0.641025641026,-0.0244408146853
0.6,0.641025641026,-0.0253872781095
0.625,0.641025641026,-0.0257086224911
0.65,0.641025641026,-0.025396935265
0.675,0.641025641026,-0.024459891205
0.7,0.641025641026,-0.0229205634459
0.725,0.641025641026,-0.0208168553457
0.75,0.641025641026,-0.0182005671797
0.775,0.641025641026,-0.0151361206456
0.8,0.641025641026,-0.0116989725872
0.825,0.641025641026,-0.00797375699709
0.85,0.641025641026,-0.00405220104632
0.875,0.641025641026,-3.08664573033e-05
0.9,0.641025641026,0.00399122816633
0.925,0.641025641026,0.00791504550638
0.95,0.641025641026,0.0116439681575
0.975,0.641025641026,0.0150861776685
0,0.666666666667,0.0213256128649
0.025,0.666666666667,0.0234992138711
0.05,0.666666666667,0.0250941862424
0.075,0.666666666667,0.0260712564655
0.1,0.666666666667,0.026406365829
0.125,0.666666666667,0.026091262828
0.15,0.666666666667,0.0251337063443
0.175,0.666666666667,0.0235572745964
0.2,0.666666666667,0.0214007845658
0.225,0.666666666667,0.0187173361941
0.25,0.666666666667,0.015573004886
0.275,0.666666666667,0.0120452145137
0.3,0.666666666667,0.00822083098439
0.325,0.666666666667,0.00419402331284
0.35,0.666666666667,6.39448681625e-05
0.375,0.666666666667,-0.00406770811139
0.4,0.666666666667,-0.00809920061729
0.425,0.666666666667,-0.0119312639243
0.45,0.666666666667,-0.0154695399159
0.475,0.666666666667,-0.0186269044943
0.5,0.666666666667,-0.0213256128649
0.525,0.666666666667,-0.0234992138711
0.55,0.666666666667,-0.0250941862424
0.575,0.666666666667,-0.0260712564655
0.6,0.666666666667,-0.026406365829
0.625,0.666666666667,-0.026091262828
0.65,0.666666666667,-0.0251337063443
0.675,0.666666666667,-0.0235572745964
0.7,0.666666666667,-0.0214007845658
0.725,0.666666666667,-0.0187173361941
0.75,0.666666666667,-0.015573004886
0.775,0.666666666667,-0.0120452145137
0.8,0.666666666667,-0.00822083098439
0.825,0.666666666667,-0.00419402331284
0.85,0.666666666667,-6.3944868163e-05
0.875,0.666666666667,0.00406770811139
0.9,0.666666666667,0.00809920061729
0.925,0.666666666667,0.0119312639243
0.95,0.666666666667,0.0154695399159
0.975,0.666666666667,0.0186269044943
0,0.692307692308,0.025046691498
0.025,0.692307692308,0.026826540418
0.05,0.692307692308,0.0279458308807
0.075,0.692307692308,0.0283770022402
0.1,0.692307692308,0.0281094376267
0.125,0.692307692308,0.027149725369
0.15,0.692307692308,0.0255214967679
0.175,0.692307692308,0.0232648442154
0.2,0.692307692308,0.0204353339867
0.225,0.692307692308,0.0171026380143
0.25,0.692307692308,0.0133488183336
0.275,0.692307692308,0.00926630644328
0.3,0.692307692308,0.00495562733525
0.325,0.692307692308,0.000522924235435
0.35,0.692307692308,-0.00392265499454
0.375,0.692307692308,-0.00827164544001
0.4,0.692307692308,-0.0124169605227
0.425,0.692307692308,-0.0162565288278
0.45,0.692307692308,-0.0196958074409
0.475,0.692307692308,-0.0226501099081
0.5,0.692307692308,-0.025046691498
0.525,0.692307692308,-0.026826540418
0.55,0.692307692308,-0.0279458308807
0.575,0.692307692308,-0.0283770022402
0.6,0.692307692308,-0.0281094376267
0.625,0.692307692308,-0.027149725369
0.65,0.692307692308,-0.0255214967679
0.675,0.692307692308,-0.0232648442154
0.7,0.692307692308,-0.0204353339867
0.725,0.692307692308,-0.0171026380143
0.75,0.692307692308,-0.0133488183336
0.775,0.692307692308,-0.00926630644328
0.8,0.692307692308,-0.00495562733525
0.825,0.692307692308,-0.000522924235435
0.85,0.692307692308,0.00392265499454
0.875,0.692307692308,0.00827164544001
0.9,0.692307692308,0.0124169605227
0.925,0.692307692308,0.0162565288278
0.95,0.692307692308,0.0196958074409
0.975,0.692307692308,0.0226501099081
0,0.717948717949,0.0294165355958
0.025,0.717948717949,0.030848734507
0.05,0.717948717949,0.0315213351936
0.075,0.717948717949,0.0314177759944
0.1,0.717948717949,0.0305406068806
0.125,0.717948717949,0.028911426667
0.15,0.717948717949,0.0265703511772
0.175,0.717948717949,0.0235750254596
0.2,0.717948717949,0.0199992043741
0.225,0.717948717949,0.0159309365034
0.25,0.717948717949,0.0114703961042
0.275,0.717948717949,0.00672741648486
0.3,0.717948717949,0.00181878554465
0.325,0.717948717949,-0.00313462993187
0.35,0.717948717949,-0.00801086041623
0.375,0.717948717949,-0.0126898369306
0.4,0.717948717949,-0.0170563475446
0.425,0.717948717949,-0.0210028742753
0.45,0.717948717949,-0.0244322405368
0.475,0.717948717949,-0.0272600039503
0.5,0.717948717949,-0.0294165355958
0.525,0.717948717949,-0.030848734507
0.55,0.717948717949,-0.0315213351936
0.575,0.717948717949,-0.0314177759944
0.6,0.717948717949,-0.0305406068806
0.625,0.717948717949,-0.028911426667
0.65,0.717948717949,-0.0265703511772
0.675,0.717948717949,-0.0235750254596
0.7,0.717948717949,-0.0199992043741
0.725,0.717948717949,-0.0159309365034
0.75,0.717948717949,-0.0114703961042
0.775,0.717948717949,-0.00672741648486
0.8,0.717948717949,-0.00181878554465
0.825,0.717948717949,0.00313462993187
0.85,0.717948717949,0.00801086041623
0.875,0.717948717949,0.0126898369306
0.9,0.717948717949,0.0170563475446
0.925,0.717948717949,0.0210028742753
0.95,0.717948717949,0.0244322405368
0.975,0.717948717949,0.0272600039503
0,0.74358974359,0.0345483339177
0.025,0.74358974359,0.0356699799829
0.05,0.74358974359,0.0359133127592
0.075,0.74358974359,0.0352723405858
0.1,0.74358974359,0.033762846325
0.125,0.74358974359,0.0314219987353
0.15,0.74358974359,0.028307437253
0.175,0.74358974359,0.0244958527186
0.2,0.74358974359,0.0200810989932
0.225,0.74358974359,0.0151718819652
0.25,0.74358974359,0.00988908285064
0.275,0.74358974359,0.00436278169632
0.3,0.74358974359,-0.00127094562261
0.325,0.74358974359,-0.00687337804228
0.35,0.74358974359,-0.0123065650831
0.375,0.74358974359,-0.0174367236485
0.4,0.74358974359,-0.0221375322084
0.425,0.74358974359,-0.0262932412551
0.45,0.74358974359,-0.0298015234399
0.475,0.74358974359,-0.032575993212
0.5,0.74358974359,-0.0345483339177
0.525,0.74358974359,-0.0356699799829
0.55,0.74358974359,-0.0359133127592
0.575,0.74358974359,-0.0352723405858
0.6,0.74358974359,-0.033762846325
0.625,0.74358974359,-0.0314219987353
0.65,0.74358974359,-0.028307437253
0.675,0.74358974359,-0.0244958527186
0.7,0.74358974359,-0.0200810989932
0.725,0.74358974359,-0.0151718819652
0.75,0.74358974359,-0.00988908285064
0.775,0.74358974359,-0.00436278169632
0.8,0.74358974359,0.00127094562261
0.825,0.74358974359,0.00687337804228
0.85,0.74358974359,0.0123065650831
0.875,0.74358974359,0.0174367236485
0.9,0.74358974359,0.0221375322084
0.925,0.74358974359,0.0262932412551
0.95,0.74358974359,0.0298015234399
0.975,0.74358974359,0.032575993212
0,0.769230769231,0.0405750115457
0.025,0.769230769231,0.0414151579128
0.05,0.769230769231,0.0412355256431
0.075,0.769230769231,0.0400405378793
0.1,0.769230769231,0.0378596191859
0.125,0.769230769231,0.0347464710192
0.15,0.769230769231,0.0307777494192
0.175,0.769230769231,0.0260511774829
0.2,0.769230769231,0.0206831390982
0.225,0.769230769231,0.0148058131854
0.25,0.769230769231,0.00856391901433
0.275,0.769230769231,0.00211115273511
0.3,0.769230769231,-0.00439359713097
0.325,0.769230769231,-0.0107901620542
0.35,0.769230769231,-0.0169210373771
0.375,0.769230769231,-0.0226352606021
0.4,0.769230769231,-0.027792128589
0.425,0.769230769231,-0.0322646621332
0.45,0.769230769231,-0.0359427326154
0.475,0.769230769231,-0.0387357737335
0.5,0.769230769231,-0.0405750115457
0.525,0.769230769231,-0.0414151579128
0.55,0.769230769231,-0.0412355256431
0.575,0.769230769231,-0.0400405378793
0.6,0.769230769231,-0.0378596191859
0.625,0.769230769231,-0.0347464710192
0.65,0.769230769231,-0.0307777494192
0.675,0.769230769231,-0.0260511774829
0.7,0.769230769231,-0.0206831390982
0.725,0.769230769231,-0.0148058131854
0.75,0.769230769231,-0.00856391901433
0.775,0.769230769231,-0.00211115273511
0.8,0.769230769231,0.00439359713097
0.825,0.769230769231,0.0107901620542
0.85,0.769230769231,0.0169210373771
0.875,0.769230769231,0.0226352606021
0.9,0.769230769231,0.027792128589
0.925,0.769230769231,0.0322646621332
0.95,0.769230769231,0.0359427326154
0.975,0.769230769231,0.0387357737335
0,0.794871794872,0.0476526729423
0.025,0.794871794872,0.0482330812858
0.05,0.794871794872,0.0476258310917
0.075,0.794871794872,0.045845874875
0.1,0.794871794872,0.0429370410652
0.125,0.794871794872,0.0389709548045
0.15,0.794871794872,0.0340452742993
0.175,0.794871794872,0.0282812861511
0.2,0.794871794872,0.0218209188776
0.225,0.794871794872,0.0148232481619
0.25,0.794871794872,0.00746057988088
0.275,0.794871794872,-8.57926370368e-05
0.3,0.794871794872,-0.0076300526555
0.325,0.794871794872,-0.0149864354549
0.35,0.794871794872,-0.0219738024763
0.375,0.794871794872,-0.0284201015538
0.4,0.794871794872,-0.0341666034101
0.425,0.794871794872,-0.0390718100981
0.45,0.794871794872,-0.0430149391495
0.475,0.794871794872,-0.0458988976407
0.5,0.794871794872,-0.0476526729423
0.525,0.794871794872,-0.0482330812858
0.55,0.794871794872,-0.0476258310917
0.575,0.794871794872,-0.045845874875
0.6,0.794871794872,-0.0429370410652
0.625,0.794871794872,-0.0389709548045
0.65,0.794871794872,-0.0340452742993
0.675,0.794871794872,-0.0282812861511
0.7,0.794871794872,-0.0218209188776
0.725,0.794871794872,-0.0148232481619
0.75,0.794871794872,-0.00746057988088
0.775,0.794871794872,8.57926370364e-05
0.8,0.794871794872,0.0076300526555
0.825,0.794871794872,0.0149864354549
0.85,0.794871794872,0.0219738024763
0.875,0.794871794872,0.0284201015538
0.9,0.794871794872,0.0341666034101
0.925,0.794871794872,0.0390718100981
0.95,0.794871794872,0.0430149391495
0.975,0.794871794872,0.0458988976407
0,0.820512820513,0.0559646454058
0.025,0.820512820513,0.0563003496031
0.05,0.820512820513,0.0552497523431
0.075,0.820512820513,0.0528387228169
0.1,0.820512820513,0.0491266285734
0.125,0.820512820513,0.0442048736924
0.15,0.820512820513,0.0381946481136
0.175,0.820512820513,0.0312439435374
0.2,0.820512820513,0.0235239093786
0.225,0.820512820513,0.0152246384996
0.25,0.820512820513,0.00655048649302
0.275,0.820512820513,-0.00228496023083
0.3,0.820512820513,-0.0110641436505
0.325,0.820512820513,-0.0195708911336
0.35,0.820512820513,-0.027595738325
0.375,0.820512820513,-0.0349410868538
0.4,0.820512820513,-0.0414260698615
0.425,0.820512820513,-0.0468910055439
0.45,0.820512820513,-0.0512013290475
0.475,0.820512820513,-0.0542509059025
0.5,0.820512820513,-0.0559646454058
0.525,0.820512820513,-0.0563003496031
0.55,0.820512820513,-0.0552497523431
0.575,0.820512820513,-0.0528387228169
0.6,0.820512820513,-0.0491266285734
0.625,0.820512820513,-0.0442048736924
0.65,0.820512820513,-0.0381946481136
0.675,0.820512820513,-0.0312439435374
0.7,0.820512820513,-0.0235239093786
0.725,0.820512820513,-0.0152246384996
0.75,0.820512820513,-0.00655048649302
0.775,0.820512820513,0.00228496023083
0.8,0.820512820513,0.0110641436505
0.825,0.820512820513,0.0195708911336
0.85,0.820512820513,0.027595738325
0.875,0.820512820513,0.0349410868538
0.9,0.820512820513,0.0414260698615
0.925,0.820512820513,0.0468910055439
0.95,0.820512820513,0.0512013290475
0.975,0.820512820513,0.0542509059025
0,0.846153846154,0.0657262276585
0.025,0.846153846154,0.065825923201
0.05,0.846153846154,0.0643047660506
0.075,0.846153846154,0.0612002121447
0.1,0.846153846154,0.0565887059039
0.125,0.846153846154,0.0505837979167
0.15,0.846153846154,0.0433333489467
0.175,0.846153846154,0.0350158891105
0.2,0.846153846154,0.0258362218734
0.225,0.846153846154,0.0160203811082
0.25,0.846153846154,0.00581006539159
0.275,0.846153846154,-0.0045433134175
0.3,0.846153846154,-0.0147848207719
0.325,0.846153846154,-0.0246622767708
0.35,0.846153846154,-0.0339324656663
0.375,0.846153846154,-0.0423671246416
0.4,0.846153846154,-0.0497585643999
0.425,0.846153846154,-0.0559247831634
0.45,0.846153846154,-0.0607139481617
0.475,0.846153846154,-0.0640081342582
0.5,0.846153846154,-0.0657262276585
0.525,0.846153846154,-0.065825923201
0.55,0.846153846154,-0.0643047660506
0.575,0.846153846154,-0.0612002121447
0.6,0.846153846154,-0.0565887059039
0.625,0.846153846154,-0.0505837979167
0.65,0.846153846154,-0.0433333489467
0.675,0.846153846154,-0.0350158891105
0.7,0.846153846154,-0.0258362218734
0.725,0.846153846154,-0.0160203811082
0.75,0.846153846154,-0.00581006539159
0.775,0.846153846154,0.0045433134175
0.8,0.846153846154,0.0147848207719
0.825,0.846153846154,0.0246622767708
0.85,0.846153846154,0.0339324656663
0.875,0.846153846154,0.0423671246416
0.9,0.846153846154,0.0497585643999
0.925,0.846153846154,0.0559247831634
0.95,0.846153846154,0.0607139481617
0.975,0.846153846154,0.0640081342582
0,0.871794871795,0.0771902665664
0.025,0.871794871795,0.0770565357921
0.05,0.871794871795,0.0750254173706
0.075,0.871794871795,0.0711469241784
0.1,0.871794871795,0.0655165575898
0.125,0.871794871795,0.0582729559163
0.15,0.871794871795,0.0495944806713
0.175,0.871794871795,0.0396948247176
0.2,0.871794871795,0.0288177504397
0.225,0.871794871795,0.0172310875054
0.25,0.871794871795,0.00522013801001
0.275,0.871794871795,-0.00691934860784
0.3,0.871794871795,-0.018888457899
0.325,0.871794871795,-0.0303924706694
0.35,0.871794871795,-0.0411481199452
0.375,0.871794871795,-0.0508905659451
0.4,0.871794871795,-0.0593799173153
0.425,0.871794871795,-0.0664071380506
0.45,0.871794871795,-0.0717991946545
0.475,0.871794871795,-0.075423316798
0.5,0.871794871795,-0.0771902665664
0.525,0.871794871795,-0.0770565357921
0.55,0.871794871795,-0.0750254173706
0.575,0.871794871795,-0.0711469241784
0.6,0.871794871795,-0.0655165575898
0.625,0.871794871795,-0.0582729559163
0.65,0.871794871795,-0.0495944806713
0.675,0.871794871795,-0.0396948247176
0.7,0.871794871795,-0.0288177504397
0.725,0.871794871795,-0.0172310875054
0.75,0.871794871795,-0.00522013801001
0.775,0.871794871795,0.00691934860784
0.8,0.871794871795,0.018888457899
0.825,0.871794871795,0.0303924706694
0.85,0.871794871795,0.0411481199452
0.875,0.871794871795,0.0508905659451
0.9,0.871794871795,0.0593799173153
0.925,0.871794871795,0.0664071380506
0.95,0.871794871795,0.0717991946545
0.975,0.871794871795,0.075423316798
0,0.897435897436,0.0906537064396
0.025,0.897435897436,0.0902830854217
0.05,0.897435897436,0.0876893952082
0.075,0.897435897436,0.0829365010603
0.1,0.897435897436,0.0761414350059
0.125,0.897435897436,0.0674715141227
0.15,0.897435897436,0.0571402206366
0.175,0.897435897436,0.045401945281
0.2,0.897435897436,0.0325457233521
0.225,0.897435897436,0.0188881177012
0.25,0.897435897436,0.00476542390649
0.275,0.897435897436,-0.00947461044036
0.3,0.897435897436,-0.0234813484337
0.325,0.897435897436,-0.0369098976986
0.35,0.897435897436,-0.0494296027851
0.375,0.897435897436,-0.0607321870036
0.4,0.897435897436,-0.0705393432196
0.425,0.897435897436,-0.0786095866988
0.45,0.897435897436,-0.0847442012632
0.475,0.897435897436,-0.0887921323426
0.5,0.897435897436,-0.0906537064396
0.525,0.897435897436,-0.0902830854217
0.55,0.897435897436,-0.0876893952082
0.575,0.897435897436,-0.0829365010603
0.6,0.897435897436,-0.0761414350059
0.625,0.897435897436,-0.0674715141227
0.65,0.897435897436,-0.0571402206366
0.675,0.897435897436,-0.045401945281
0.7,0.897435897436,-0.0325457233521
0.725,0.897435897436,-0.0188881177012
0.75,0.897435897436,-0.00476542390649
0.775,0.897435897436,0.00947461044036
0.8,0.897435897436,0.0234813484337
0.825,0.897435897436,0.0369098976986
0.85,0.897435897436,0.0494296027851
0.875,0.897435897436,0.0607321870036
0.9,0.897435897436,0.0705393432196
0.925,0.897435897436,0.0786095866988
0.95,0.897435897436,0.0847442012632
0.975,0.897435897436,0.0887921323426
0,0.923076923077,0.106465280556
0.025,0.923076923077,0.105848169379
0.05,0.923076923077,0.102624724982
0.075,0.923076923077,0.0968743192641
0.1,0.923076923077,0.0887385462984
0.125,0.923076923077,0.0784177358165
0.15,0.923076923077,0.0661660204253
0.175,0.923076923077,0.0522850780187
0.2,0.923076923077,0.0371167034671
0.225,0.923076923077,0.0210343924928
0.25,0.923076923077,0.00443414496627
0.275,0.923076923077,-0.0122752859254
0.3,0.923076923077,-0.0286824585383
0.325,0.923076923077,-0.0443833738304
0.35,0.923076923077,-0.0589914231588
0.375,0.923076923077,-0.0721469078677
0.4,0.923076923077,-0.083525896263
0.425,0.923076923077,-0.0928481998858
0.45,0.923076923077,-0.0998842726819
0.475,0.923076923077,-0.104460863188
0.5,0.923076923077,-0.106465280556
0.525,0.923076923077,-0.105848169379
0.55,0.923076923077,-0.102624724982
0.575,0.923076923077,-0.0968743192641
0.6,0.923076923077,-0.0887385462984
0.625,0.923076923077,-0.0784177358165
0.65,0.923076923077,-0.0661660204253
0.675,0.923076923077,-0.0522850780187
0.7,0.923076923077,-0.0371167034671
0.725,0.923076923077,-0.0210343924928
0.75,0.923076923077,-0.00443414496627
0.775,0.923076923077,0.0122752859254
0.8,0.923076923077,0.0286824585383
0.825,0.923076923077,0.0443833738304
0.85,0.923076923077,0.0589914231588
0.875,0.923076923077,0.0721469078677
0.9,0.923076923077,0.083525896263
0.925,0.923076923077,0.0928481998858
0.95,0.923076923077,0.0998842726819
0.975,0.923076923077,0.104460863188
0,0.948717948718,0.125034544135
0.025,0.948717948718,0.124154958236
0.05,0.948717948718,0.120218265219
0.075,0.948717948718,0.11332139953
0.1,0.948717948718,0.103634184893
0.125,0.948717948718,0.0913951526813
0.15,0.948717948718,0.0769056684877
0.175,0.948717948718,0.0605225115007
0.2,0.948717948718,0.0426490894179
0.225,0.948717948718,0.0237255052093
0.25,0.948717948718,0.00421772032207
0.275,0.948717948718,-0.0153939188373
0.3,0.948717948718,-0.0346265086254
0.325,0.948717948718,-0.0530064788524
0.35,0.948717948718,-0.0700812536516
0.375,0.948717948718,-0.0854303953995
0.4,0.948717948718,-0.0986759572855
0.425,0.948717948718,-0.109491789616
0.45,0.948717948718,-0.117611570705
0.475,0.948717948718,-0.122835364591
0.5,0.948717948718,-0.125034544135
0.525,0.948717948718,-0.124154958236
0.55,0.948717948718,-0.120218265219
0.575,0.948717948718,-0.11332139953
0.6,0.948717948718,-0.103634184893
0.625,0.948717948718,-0.0913951526813
0.65,0.948717948718,-0.0769056684877
0.675,0.948717948718,-0.0605225115007
0.7,0.948717948718,-0.0426490894179
0.725,0.948717948718,-0.0237255052093
0.75,0.948717948718,-0.00421772032207
0.775,0.948717948718,0.0153939188373
0.8,0.948717948718,0.0346265086254
0.825,0.948717948718,0.0530064788524
0.85,0.948717948718,0.0700812536516
0.875,0.948717948718,0.0854303953995
0.9,0.948717948718,0.0986759572855
0.925,0.948717948718,0.109491789616
0.95,0.948717948718,0.117611570705
0.975,0.948717948718,0.122835364591
0,0.974358974359,0.146842482736
0.025,0.974358974359,0.145677638868
0.05,0.974358974359,0.140925728055
0.075,0.974358974359,0.132703758111
0.1,0.974358974359,0.121214181225
0.125,0.974358974359,0.106739908909
0.15,0.974358974359,0.0896373457872
0.175,0.974358974359,0.0703276137226
0.2,0.974358974359,0.0492861824042
0.225,0.974358974359,0.0270311617035
0.25,0.974358974359,0.00411054409038
0.275,0.974358974359,-0.0189112887603
0.3,0.974358974359,-0.0414674629188
0.325,0.974358974359,-0.0630025705176
0.35,0.974358974359,-0.0829863457367
0.375,0.974358974359,-0.100926721708
0.4,0.974358974359,-0.116381946834
0.425,0.974358974359,-0.12897146218
0.45,0.974358974359,-0.138385272095
0.475,0.974358974359,-0.144391577336
0.5,0.974358974359,-0.146842482736
0.525,0.974358974359,-0.145677638868
0.55,0.974358974359,-0.140925728055
0.575,0.974358974359,-0.132703758111
0.6,0.974358974359,-0.121214181225
0.625,0.974358974359,-0.106739908909
0.65,0.974358974359,-0.0896373457872
0.675,0.974358974359,-0.0703276137226
0.7,0.974358974359,-0.0492861824042
0.725,0.974358974359,-0.0270311617035
0.75,0.974358974359,-0.00411054409038
0.775,0.974358974359,0.0189112887603
0.8,0.974358974359,0.0414674629188
0.825,0.974358974359,0.0630025705176
0.85,0.974358974359,0.0829863457367
0.875,0.974358974359,0.100926721708
0.9,0.974358974359,0.116381946834
0.925,0.974358974359,0.12897146218
0.95,0.974358974359,0.138385272095
0.975,0.974358974359,0.144391577336
0,1,0.172453970861
0.025,1,0.170973696957
0.05,1,0.165283483204
0.075,1,0.155523441551
0.1,1,0.141933896613
0.125,1,0.12484946809
0.15,1,0.10469083131
0.175,1,0.0819543588151
0.2,1,0.0571998980148
0.225,1,0.0310369858899
0.25,1,0.00410984016651
0.275,1,-0.0229185034616
0.3,1,-0.0493825174723
0.325,1,-0.0746305700116
0.35,1,-0.0980409702326
0.375,1,-0.119037276387
0.4,1,-0.137102489735
0.425,1,-0.151791784768
0.45,1,-0.162743462293
0.475,1,-0.169687855661
0.5,1,-0.172453970861
0.525,1,-0.170973696957
0.55,1,-0.165283483204
0.575,1,-0.155523441551
0.6,1,-0.141933896613
0.625,1,-0.12484946809
0.65,1,-0.10469083131
0.675,1,-0.0819543588151
0.7,1,-0.0571998980148
0.725,1,-0.0310369858899
0.75,1,-0.00410984016651
0.775,1,0.0229185034616
0.8,1,0.0493825174723
0.825,1,0.0746305700116
0.85,1,0.0980409702326
0.875,1,0.119037276387
0.9,1,0.137102489735
0.925,1,0.151791784768
0.95,1,0.162743462293
0.975,1,0.169687855661
