x,t,f_true,f_pred,abs_error
0,0,0,0.421806782484,0.421806782484
0.448798954487,0,0.867767512798,0.353161484003,0.514605998993
0.897597908974,0,1.56366300583,0.280567884445,1.28309512138
1.34639692307,0,1.94985592365,0.205950528383,1.74390542507
1.79519581795,0,1.94985580444,0.129597768188,1.82025802135
2.24399471283,0,1.56366300583,0.0510724000633,1.51259064674
2.69279384613,0,0.867767214775,-0.0288833677769,0.89665055275
3.14159274101,0,-1.74845553147e-07,-0.107141405344,0.107141233981
0,0.142857149243,0,0.407074958086,0.407074958086
0.448798954487,0.142857149243,0.929750859737,0.336199223995,0.593551635742
0.897597908974,0.142857149243,1.67535316944,0.256373256445,1.41897988319
1.34639692307,0.142857149243,2.08913135529,0.170851618052,1.91827976704
1.79519581795,0.142857149243,2.08913111687,0.0823976695538,2.00673341751
2.24399471283,0.142857149243,1.67535316944,-0.00646899361163,1.68182218075
2.69279384613,0.142857149243,0.929750561714,-0.0923231169581,1.02207362652
3.14159274101,0.142857149243,-1.87334521229e-07,-0.170887351036,0.170887157321
0,0.285714298487,0,0.380964428186,0.380964428186
0.448798954487,0.285714298487,0.991734325886,0.309829086065,0.681905269623
0.897597908974,0.285714298487,1.78704357147,0.223813831806,1.56322979927
1.34639692307,0.285714298487,2.22840690613,0.126469984651,2.10193681717
1.79519581795,0.285714298487,2.22840666771,0.0244409684092,2.20396566391
2.24399471283,0.285714298487,1.78704357147,-0.0744180381298,1.8614616394
2.69279384613,0.285714298487,0.991734027863,-0.163472056389,1.15520608425
3.14159274101,0.285714298487,-1.99823503522e-07,-0.239014565945,0.23901437223
0,0.428571462631,0,0.339788228273,0.339788228273
0.448798954487,0.428571462631,1.05371773243,0.268722742796,0.784994959831
0.897597908974,0.428571462631,1.89873373508,0.179098337889,1.71963536739
1.34639692307,0.428571462631,2.36768221855,0.0735302940011,2.29415202141
1.79519581795,0.428571462631,2.36768198013,-0.038413234055,2.40609526634
2.24399471283,0.428571462631,1.89873373508,-0.143749266863,2.04248309135
2.69279384613,0.428571462631,1.0537173748,-0.233377605677,1.28709495068
3.14159274101,0.428571462631,-2.12312457393e-07,-0.305010318756,0.30501011014
0,0.571428537369,0,0.283934265375,0.283934265375
0.448798954487,0.571428537369,1.11570107937,0.210925549269,0.904775500298
0.897597908974,0.571428537369,2.0104238987,0.119999721646,1.89042413235
1.34639692307,0.571428537369,2.50695753098,0.0137686794624,2.49318885803
1.79519581795,0.571428537369,2.50695753098,-0.0983331277966,2.60529065132
2.24399471283,0.571428537369,2.0104238987,-0.203258618712,2.2136824131
2.69279384613,0.571428537369,1.11570072174,-0.2917098701,1.40741062164
3.14159274101,0.571428537369,-2.24801425475e-07,-0.361420571804,0.361420333385
0,0.714285731316,0,0.218675583601,0.218675583601
0.448798954487,0.714285731316,1.17768454552,0.141958326101,1.03572618961
0.897597908974,0.714285731316,2.12211418152,0.0517810471356,2.07033324242
1.34639692307,0.714285731316,2.64623308182,-0.0479455664754,2.69417858124
1.79519581795,0.714285731316,2.64623308182,-0.150349810719,2.79658293724
2.24399471283,0.714285731316,2.12211418152,-0.247450888157,2.36956501007
2.69279384613,0.714285731316,1.17768418789,-0.332697272301,1.51038146019
3.14159274101,0.714285731316,-2.37290407767e-07,-0.402766644955,0.402766406536
0,0.857142865658,0,0.151338040829,0.151338040829
0.448798954487,0.857142865658,1.23966789246,0.071898855269,1.16776907444
0.897597908974,0.857142865658,2.23380446434,-0.0147724244744,2.2485768795
1.34639692307,0.857142865658,2.78550863266,-0.104312866926,2.88982152939
1.79519581795,0.857142865658,2.78550839424,-0.19318626821,2.97869467735
2.24399471283,0.857142865658,2.23380446434,-0.278771579266,2.51257610321
2.69279384613,0.857142865658,1.23966753483,-0.358278751373,1.5979462862
3.14159274101,0.857142865658,-2.49779361639e-07,-0.428522258997,0.428522020578
0,1,0,0.08838288486,0.08838288486
0.448798954487,1,1.3016512394,0.00954287685454,1.29210841656
0.897597908974,1,2.34549450874,-0.0709429755807,2.41643738747
1.34639692307,1,2.92478394508,-0.149933680892,3.07471752167
1.79519581795,1,2.92478370667,-0.226649358869,3.15143299103
2.24399471283,1,2.34549450874,-0.301466852427,2.64696145058
2.69279384613,1,1.30165076256,-0.37404692173,1.67569768429
3.14159274101,1,-2.6226831551e-07,-0.44244775176,0.44244748354
